name,age,street,city,state,zip,lng,lat
Jasmine Miller,60,7449 Jeffrey River,Gilmorebury,Montana,02911,-162.923679,-31.548856
Frederick Graves,57,846 Steven Vista,Lake Joseph,California,03735,-18.402798,-83.276166
Catherine Tyler,36,338 Barbara Gateway,East Jean,Montana,95335,-50.051271,-61.9784795
Mr. David Peck,72,99094 Anthony Overpass Suite 571,Jillstad,Alaska,47990,112.920833,-86.645336
Perry Brown PhD,18,76319 Williams Via,Cortezmouth,Iowa,30324,-100.624736,-43.4849605
Sean Carney,45,50995 Albert Estate,New James,South Carolina,96801,170.882493,-76.3415605
Joel Hampton,47,559 Smith Green,Sheltonchester,New York,07883,-32.413547,70.923254
Matthew Snyder,24,00473 Pitts Manors Suite 590,New Jenniferfort,Hawaii,66318,-32.070369,-11.7338395
Nicole Hall,75,221 Elizabeth Run,Lake Kimberlyland,Florida,80249,-174.768458,-17.3366575
Gary George,28,5627 Crawford Trail Suite 873,Greenland,New Hampshire,97073,-18.770159,-13.8481425
Christopher Cooper,31,09382 Douglas Crossroad Suite 486,Lucasville,Illinois,10066,133.669585,61.8088625
Courtney Jensen,45,754 Anderson Passage Apt. 872,Christopherborough,Idaho,45674,-112.647438,65.5812005
Michael White,32,170 Michael Underpass,Elizabethstad,Alaska,51656,123.824598,69.2188085
Jessica Wright,59,40921 Torres Wall,Acevedomouth,Montana,88018,37.900890,-36.3808265
Duane Gonzalez,63,12633 Blake Mission Apt. 351,West Lancebury,Arkansas,64542,-79.147754,-14.8253785
Peter Bean,64,0182 Lewis Glen,East Justin,Nebraska,18686,-92.205222,69.4834315
Ian Juarez MD,48,363 Jones Greens,South Emily,Tennessee,80142,5.677757,-61.5302075
Susan Bishop,31,2989 Alison Curve,South Rachael,Illinois,93441,51.801270,0.299057
Christine Jackson,74,91890 Diaz Fort,Wrightville,Missouri,43596,7.211838,-2.8817975
Robert Cohen,45,350 Harrison Streets,South Taylorfurt,Idaho,03925,179.162330,-63.727051
Jennifer Wright,70,795 Mclean Fort Suite 390,Timothyside,Louisiana,23429,18.657169,-4.123337
Samuel Ruiz,54,77424 Bailey Row,South Krista,Pennsylvania,78049,-66.899426,69.9365125
Kimberly Ramirez,75,06074 Jeremiah Island Apt. 462,South Nataliemouth,Pennsylvania,52561,153.025451,-56.8276965
Luis Bates,54,53511 Vasquez Loaf Apt. 277,Taylorchester,Colorado,84436,160.960031,65.428457
Ian Holder,19,6419 Derrick Stravenue Apt. 780,New Isaiah,Ohio,48575,155.383986,7.6991045
Melissa Porter,19,7834 Dylan Turnpike Apt. 916,South Jenniferland,New Jersey,48036,-5.985675,51.587726
Amanda Barr,62,7802 Wright Wells Apt. 261,Kimberlyside,New Mexico,05456,81.848555,-53.1109075
April Lee,19,7014 Skinner Bridge Suite 498,South Caitlyn,Arizona,30868,36.531609,-47.625252
Mark Howard,78,63784 Camacho Terrace,New Mary,Ohio,62856,-143.607225,-47.983161
Harry Smith,39,0138 Diaz Centers,Sarahmouth,North Dakota,07997,15.437586,77.7360985
Mrs. Tina Cooper,48,8409 Rodriguez Views Apt. 883,Shawside,Alabama,36024,-151.582315,-24.365927
Rhonda Glover,51,2083 Emma Ville Apt. 787,Grimestown,Alabama,77105,-30.581574,81.156599
Emily Wong,45,257 Drake Heights,Davisville,Missouri,86923,24.473618,-27.8890385
Robert Charles,70,751 Monica Expressway,East Ronnie,North Carolina,26423,161.323748,-62.760635
Deanna Wolfe,74,470 Martinez Cliff Apt. 530,Aaronborough,Mississippi,45211,10.463852,49.830228
Jillian Frank,52,22524 Williams Oval,Stevenmouth,Arkansas,03775,36.435013,-24.118450
Andrew Torres,70,0214 Julia Estates Apt. 119,New Christopher,Alabama,67327,-86.301472,-52.8648715
Travis Sheppard,73,2229 Ramirez Underpass,Lake Johnborough,Oklahoma,78770,-55.524521,-17.179988
Todd Weaver,37,447 Maldonado Harbors,North Kathy,Mississippi,89262,17.883708,-67.5484215
Rebecca Garcia,50,59463 Harry Keys,Port Amber,Montana,06284,46.647557,-12.0675145
Mrs. Susan Jensen,75,9549 John Unions Apt. 321,Benjaminfurt,Michigan,10077,106.268867,17.5719745
Diana Moore,60,4576 Lisa Radial Apt. 776,New Vickiport,Delaware,08987,-85.409429,-22.8201645
Cassandra Miller PhD,67,01675 Stevens Parkway,Garciaport,Minnesota,74256,-177.486989,71.565698
Tanya Schroeder,51,68766 Christopher Isle Suite 897,North Danielshire,Texas,22391,93.071617,-33.699637
Jose Wheeler,66,8382 Scott Summit Suite 710,Lake Scott,Michigan,33396,6.343728,7.998250
Jason Hicks,56,01099 Brett Coves Suite 526,Robertmouth,Nebraska,59439,-1.717146,32.7466515
Ashley Bullock,38,1337 Gregory Flat Apt. 749,West Jack,South Dakota,18697,119.113519,29.8171035
Debra Grant,74,23010 Blake Crossroad,Raymondhaven,Louisiana,68769,44.574686,49.3425425
Nicholas Thompson,56,10801 Sydney Cape,New Lisa,Idaho,86088,42.782309,27.3654055
Kenneth Gregory,39,6827 Bartlett Walk Suite 854,West Matthew,New York,20576,-159.966592,36.893620
Yvonne Morales,72,031 Oneill Estates Apt. 265,East Thomas,West Virginia,76760,-117.613171,70.852273
Garrett Mathis,39,33991 Kimberly Parkways,West Devinville,New Mexico,65304,45.057481,-40.661539
Laura Garcia,33,9186 Daniel Rest,North Maryberg,Rhode Island,19403,-102.323096,36.1970105
Stephanie Reeves,48,468 Diane Unions,Lake Anthonyport,Oregon,56473,-155.246524,-22.6303755
Pamela Mcmillan,42,7166 Christian Ranch,West Jenniferfurt,Arkansas,03104,-74.611114,39.1334255
Christine Jordan,70,643 Gonzalez Via Apt. 707,Christinemouth,West Virginia,12831,-37.626014,-81.529742
Cory King,37,51348 Wall Plaza,Port Matthew,New Mexico,09841,-74.327317,53.213164
Jessica White,76,6048 Michael Court,Coleview,Vermont,26740,-113.854098,-76.1631505
Kristine Arellano,42,75586 Amanda Springs,New Jamesmouth,Nebraska,51795,88.747754,-26.1268555
Danny Dillon,55,1102 Abigail Light,Jenniferberg,Nebraska,41278,177.641468,52.140297
Bryan Bishop,28,2650 Velasquez Islands Apt. 204,East Joelfort,Maine,67893,44.122877,-6.430371
Barbara Jefferson,33,770 Jessica Turnpike,Port Julieborough,Alabama,09542,-32.588359,45.441448
Erin Holmes,33,62967 Chelsea Cove,Port Debbieburgh,Hawaii,64189,-128.705662,79.3568275
Michael Booth,25,67553 Kevin Falls,Port Joshuaberg,Mississippi,73899,-145.458232,-24.5009915
Rodney Robertson,40,24061 King Street,Julieburgh,New Mexico,66217,122.938968,-8.1872835
Juan Roy,21,49452 Holloway Valley Apt. 627,East James,Wisconsin,66172,-60.318895,-17.909914
Jason Lutz,59,1918 Priscilla Trail,North Danielleburgh,Montana,22619,-95.348515,-71.4405575
Diane May,62,97243 Jessica Meadows,Margaretfort,Oregon,80666,-131.500673,-73.0094695
Amber Mora,39,8796 William Passage Apt. 434,Sharonmouth,Florida,33986,43.020018,66.991785
Danielle Jackson,41,35048 Brown Streets Apt. 936,Mcmahonchester,Mississippi,30229,108.748745,81.5647095
Jacqueline Brock,45,64643 Mcneil Vista Apt. 529,Kimberlytown,Michigan,92945,-172.275287,-26.502878
Cheryl Hensley,39,855 Young Via,North Sarahville,Georgia,47698,-18.242793,13.543219
Stephen Flores,38,70615 Tapia Courts Suite 736,Blackburnshire,Nebraska,69825,115.214261,29.6441595
Pamela Rose,54,4329 Justin Lane,Scottborough,Oregon,72353,142.757811,53.3172065
James Jones,34,5436 Derrick Groves Apt. 274,North Michaelview,South Carolina,71212,27.500434,49.476692
Kimberly Haynes,53,83910 Scott Meadow Suite 873,Danielfort,New Mexico,58255,-37.625831,-20.5922005
Tiffany Watkins,75,65934 Melendez Run,West Caitlinstad,Rhode Island,66862,-97.240778,22.256696
Kenneth Thompson,56,6925 Anthony Lake Apt. 347,Port Jennifer,Iowa,01834,30.901150,-66.8756665
Christopher Peters,59,598 Charles Branch Suite 790,South Anthonyhaven,Kansas,14006,116.912851,89.713633
Andrew Herrera,45,49173 Smith Neck Suite 142,Phillipsfurt,Hawaii,05786,-62.666576,57.8549925
Wanda Munoz,52,2902 Nicholas Creek,Molinaberg,Nebraska,90033,175.323558,-7.853574
Julie Ramos,76,7091 Decker Underpass,Sarahbury,Iowa,85061,-166.289872,77.9894245
Tina Baker,30,19307 Moran Course Suite 886,East David,Illinois,98602,-78.931595,52.892952
Roy Powell,51,6662 Anderson Rest Apt. 624,Myersville,Minnesota,95663,72.919984,-17.524222
Raymond Morales,72,089 James Junction,Zacharytown,Connecticut,88756,125.230304,-60.630226
Donald Gibson,32,14549 Mendez Ports Apt. 199,Georgeville,Nevada,08231,-95.015998,-46.2635615
Elizabeth Hernandez,42,650 Ellis Route Suite 106,Belindaland,Maine,32191,-156.880017,-31.6292025
Mark Ward,26,24157 Hansen Points,Lake Donald,Utah,01194,134.314061,37.632529
Samantha Oconnor,20,40193 Zachary Heights Apt. 222,Port William,New Mexico,48345,-122.242037,-23.135158
Erin Warner,67,755 Holly Fords,Port Charlesshire,Louisiana,10101,59.550018,-71.622270
Grace Stark,65,0912 Collins Pass,Reynoldsside,Montana,05366,-14.813860,-47.4917645
David Gutierrez DVM,54,641 Joshua Ranch Suite 354,Lake Dylanfort,Hawaii,18861,-54.447254,68.0143505
Robert Cole,44,30918 Daniels Passage,Lisahaven,Indiana,01284,26.104554,76.205624
Henry Dickerson,57,5639 Williams Corner Apt. 231,Lake Alisonton,Illinois,64388,143.838525,-72.962910
Robert Mclaughlin,45,8919 Patricia Streets Suite 453,Wilsonburgh,Utah,57824,87.294856,78.5806455
Jack Richardson,62,28996 Patrick Square,Ashleymouth,Montana,19475,10.926966,-86.3000345
Michael Miller,68,71588 Hale Bridge,Nicholasmouth,Washington,37689,121.156127,-1.0957305
Heidi Butler,64,8107 Nicole Camp Apt. 600,Wagnerborough,New Hampshire,37797,-109.566606,-12.041807
Matthew Clark,58,76648 Daniels Walks,South Alexischester,North Dakota,86837,-35.979310,52.636254
Debra Miller,36,5098 Paula Grove Suite 325,Lake Kristy,Florida,09499,112.266317,21.188761
Yvette Grant,44,779 Riley Mount Suite 538,North Valerieport,North Carolina,40877,-22.982989,64.904770
Patrick Munoz,60,6829 Terri Vista Suite 889,Cynthiashire,Alaska,00701,164.806092,49.2373675
David Conway,79,299 Mills Shore,South Stephaniemouth,Vermont,21631,-58.973614,40.189205
Douglas Johnson,52,174 Strong Cliff,South Williamchester,Oklahoma,19513,-109.379428,-6.031308
Miss Diana Harris DDS,69,5684 Ramirez Row,North Annaview,Florida,28979,120.220386,31.113037
Kelly Edwards,71,5634 Caldwell Crest Suite 394,Charlesberg,Oregon,29017,141.953207,69.0448095
Jeremy Mack,18,65159 Crystal Lights Suite 288,North Kenneth,Colorado,88584,-68.659552,-76.860139
Luis Perez,40,23543 Zuniga Mount Suite 442,Alexamouth,Arizona,10123,-165.087388,-86.672859
Katherine Williams,33,33454 Evelyn Walk Suite 722,New Emilyberg,Alaska,99721,134.097355,-17.0899005
Alexis Miller,57,47029 Ward Flat Apt. 438,Adamsview,Florida,78816,-22.199887,-29.8413115
Brenda Henry,78,6468 Megan Freeway,Pattersonshire,California,51174,58.565728,-31.864229
Shelby Porter,57,53823 Franklin Valleys Apt. 695,North Kaylastad,Pennsylvania,94685,48.785125,-56.692852
Jessica Henderson DDS,38,8493 Wilkerson Well,West Anna,Vermont,45210,44.294035,-69.0557045
Jodi Garcia,26,399 Michael Crest Apt. 501,New Robert,Montana,63423,173.958917,-34.8483055
Tonya Williams,70,89960 Hannah Ramp,Leahview,California,72513,-78.845196,73.899741
Richard Blevins,68,0027 Garza Square,Gileschester,Iowa,42057,-128.803123,49.2419695
Kristine Barton,72,410 Marshall Rue Apt. 566,West Michellestad,Nebraska,34551,55.232073,-3.905691
Amy Mooney,45,9301 Madden Views,West Aaronfort,Illinois,29681,112.372307,-13.189470
Curtis Silva,76,7999 Garrett Trafficway,Lewistown,Ohio,74999,-84.381804,2.4407635
Marc Moran,70,16633 Edward Rapid,West Faithberg,Maryland,39871,164.130820,-4.228133
Dawn Hanson,70,529 Morris Terrace,Port Robin,Nebraska,69816,87.683070,57.882228
Dr. Eddie Greene,53,6149 Stephanie Mall Apt. 453,Michaelstad,Hawaii,30354,-163.956247,21.9644955
Evan Calhoun,70,609 Faulkner Canyon,Pamelashire,Nevada,49324,173.897409,-16.321007
Vanessa Newton,20,63256 Wright Valleys,Danielfurt,North Carolina,54272,1.805368,64.433566
Susan Russell,63,595 Parker Cliff Suite 310,Raystad,Louisiana,28436,8.688728,64.8417075
Jacob Horn,24,15220 Marcus Well Apt. 424,North Jessica,New Jersey,15977,111.320475,73.3299545
Rebecca Woods,43,6897 Green Mission Suite 661,Karenburgh,Florida,45895,-147.190698,47.5137495
Brandy Green,80,83500 Bell Rest,North Derrickville,North Dakota,42485,-145.687540,15.649648
Jimmy Jackson,60,36073 Scott Groves Apt. 359,Annland,Ohio,82252,131.224101,46.2496795
Jonathan Matthews,27,218 Hart Burg,South Robertville,Nevada,02473,80.585294,76.135589
Samuel Johnson,60,521 Arnold Station Suite 561,West Micheleport,Washington,30963,-34.077933,-3.1764025
Sarah Gonzales,60,5696 George Light,New Dustinside,New Hampshire,80009,-56.395340,-56.745757
Christopher Wood,31,515 Brian Route Suite 301,Sanchezville,South Carolina,90309,135.634089,68.485079
Gabriel Chen,36,222 Lewis Hill Suite 285,Rebeccahaven,Vermont,21209,34.649919,72.3086535
Steven Martinez,79,74530 Elizabeth Pass Suite 604,North Melissa,Wisconsin,95079,-24.417564,37.4946845
Melissa Hutchinson,46,84644 Phillip Motorway,North John,Washington,64519,-82.592660,-34.368645
Nicholas Sanders,39,6036 Randy Oval Suite 090,New Heatherfurt,Maine,01618,-100.990418,-65.3330435
Brian Stanley,45,16998 Brennan Street Apt. 650,New Kyle,Nebraska,39168,-143.446100,-22.8943995
Jessica Perkins,60,544 Kevin Knoll Apt. 322,Jamesside,Kentucky,04636,-160.493373,-27.5581825
Megan Smith,47,19253 Booker Ford Suite 510,South Chad,Michigan,37401,32.759397,26.219819
Christopher Wood,18,46798 Alicia Bridge,Kennedyhaven,Louisiana,03385,93.133841,6.620148
Lori Daniel,51,2909 Carlos Plaza Apt. 828,Lake Dylan,New York,95618,-145.881367,11.5832035
Jody Harvey,28,0459 Gabriela Landing Apt. 529,Martineztown,Michigan,77465,141.204142,87.1699365
Laurie Turner,50,71726 Angela Views Apt. 118,Padillabury,Vermont,02373,90.403223,65.0828805
Barbara Black,76,2449 Amy Crest Suite 422,North Annachester,Kansas,84754,45.523684,-8.7229425
Tracy Beck,40,68769 Kelly Dale Suite 529,North Rebeccaside,South Carolina,14676,0.561779,-15.620470
Kurt Wells,63,44745 Jessica Turnpike,New Matthew,New York,41662,-76.514846,28.934589
Cody Ellison,18,79602 Russo Loaf Suite 622,Lake Jessehaven,Michigan,90068,143.511572,-46.265366
Ashley Fernandez,41,5960 Mary Prairie,Paulside,New York,28161,37.727672,-32.261636
Gregory Gonzales,47,23420 Garza Square,East Charles,Virginia,50090,141.902045,20.899750
Gary Abbott,71,273 Diane Dale,West Javier,Rhode Island,20170,118.345995,-64.0427385
Sandra Gilbert,50,7534 Kevin Parks Suite 354,North Patricia,Colorado,72439,152.083638,-74.6150235
Kevin Harris,54,41681 April Square Apt. 603,North Benjamin,Virginia,73165,-169.711198,61.6515225
Meagan Morris,30,617 James Wall Apt. 868,Lake Amandamouth,New Hampshire,67276,-2.142487,5.1387255
John English,59,7590 Misty Harbors,New Shawn,Montana,20102,63.536313,58.5461625
Jeffrey Hendricks,56,72151 Sherry Expressway Suite 712,East Julieberg,New Hampshire,62830,-31.271772,-50.9408375
Dylan Morris,19,5370 Tamara Key Suite 103,Taylorfort,Minnesota,57640,65.227602,6.4876775
Melissa Price,36,27977 Elizabeth Spurs,Andreachester,Oregon,01038,6.093802,75.4016205
Rachel Murphy,19,58299 Brady Unions Apt. 997,Jeremybury,Connecticut,98363,81.067449,43.1376435
Jose Mcclure,49,2226 Mitchell Brooks,Alvaradoshire,California,55877,-35.655665,-74.6926915
Daniel Miller,50,47803 Elizabeth Center Apt. 218,Bonillatown,New Hampshire,23057,-115.318292,13.434355
Cynthia Smith,22,045 Middleton Junctions,Kellytown,Ohio,97305,-173.098482,-81.450045
Susan Leon,22,47826 Pacheco Square Apt. 364,East Emily,North Carolina,63431,107.023643,-42.8878455
Sonya Curtis,65,4808 Kenneth Forks,Port Christopher,Idaho,76342,-170.488332,62.9641635
Max Mann,37,32757 Davenport Mills,Browntown,Vermont,90554,26.311936,-84.707877
Karen Suarez,76,171 Hudson Road Apt. 886,Gonzalezmouth,Tennessee,80238,-154.339874,-26.3622535
Autumn Bentley,26,26639 Burns Canyon,Burgessland,Arizona,78398,-19.464761,-89.4217005
Beverly Casey,54,4669 Harvey Prairie,Harmonburgh,Massachusetts,56544,132.439545,-18.1629835
Denise Fernandez,80,36518 Anderson Expressway Apt. 920,Middletonside,Indiana,71056,-70.492860,-30.2618395
Lauren Flores,45,69277 Jennifer Stream Suite 736,Jodiville,Alabama,53308,-90.511701,-29.7056935
Michael Riddle,67,433 Carl Burgs,Thomasmouth,Missouri,91097,-93.209976,-69.3802455
Lori Herrera,41,66849 Swanson Ridge Apt. 053,East Andrew,Iowa,56492,160.275174,-49.0908435
Christopher Cortez,66,154 Jacob Plains Apt. 089,Port Matthew,New York,21693,-179.343341,68.7261155
Alexandra Underwood,63,50232 Brown Groves Apt. 480,Port Christopherhaven,Vermont,97531,-28.493616,-43.178597
Joseph Burnett,62,0438 Matthew Dam Apt. 272,West Lynn,Illinois,36808,94.413117,-55.2636225
Andrea Logan,80,5264 Mckinney Roads,South Wesleychester,Oklahoma,96976,94.414616,76.688926
Colleen Wallace MD,65,76498 Katelyn Way Suite 630,Lake Kathryn,Florida,29449,82.408230,-84.647601
Madison Salazar,32,282 Williams Highway,Smithside,Georgia,39873,51.730281,-9.862714
Shelly Ward,67,2573 Raymond Wells,Jessicaside,Delaware,01961,-164.150909,-21.3803625
Natasha Duncan,24,26706 Alexis Ferry,Hamiltonview,Wisconsin,21618,-152.600080,-2.7931255
Lindsay Howard,20,5927 Sean Tunnel Suite 086,Matthewfort,Kansas,41379,-16.810431,67.5036195
Deanna Thomas,36,02384 Curtis Corner,Ericmouth,Maine,07247,178.928683,86.1167025
Mr. Vincent Baker,61,872 Christina Row,Jimenezchester,Alaska,85678,-107.556750,65.8640015
Sandra Nguyen,51,62130 Oscar Plaza,Erikfurt,Arkansas,62877,123.881336,-77.0152375
Curtis Reynolds,65,24362 Zachary Well Apt. 023,Pattersonmouth,Michigan,78516,177.324153,-5.399938
Andrew Meadows,21,92820 Todd Parkways Apt. 012,Lake Phillip,Oregon,38035,62.704083,28.6408435
Ryan Baker,46,4665 Garcia Cove Apt. 833,South Jessica,South Carolina,80145,117.293557,-57.164963
Jessica Phelps,72,846 Lori Prairie,Wesleyton,Vermont,69541,7.531133,89.5405685
Vincent Greer,45,8831 Lisa Glens Apt. 004,Reynoldsstad,Louisiana,66716,31.467233,6.440243
Samantha Salazar,36,87099 Clark Coves,Virginiaton,Oklahoma,45164,-63.650079,-88.4438155
Brittany Henson,60,732 Jessica Turnpike,Gregoryview,Maine,12616,-22.135231,-52.448140
Matthew Stone,57,117 Gibson Trafficway,Schwartzfurt,North Dakota,61314,178.818091,-89.9122475
James Atkinson,70,574 Vega Square,Marshallbury,Michigan,19789,84.860036,-84.3282135
Amy Nichols,43,1685 David Camp Suite 985,New John,Wyoming,84453,22.863997,-26.078232
Bradley Weaver,28,895 Allison Stream Apt. 190,South Rebeccafurt,Montana,14448,-127.609197,-86.7709265
Jessica Weaver,59,777 Bryan Fork Apt. 599,Ianburgh,Massachusetts,40035,112.532889,-33.8529215
Erika Ballard,38,1192 Francis Ramp,Port Dalton,Kentucky,49739,111.783683,-12.748824
Timothy Jones,52,67187 Cuevas Flats,Karenside,Colorado,79405,-84.046330,14.2062055
Christopher Carter,19,74787 Mckee Trail,Lake Bryanview,Hawaii,03709,-116.889797,60.5383945
Veronica Mccarty,23,718 Cook Ports,Anthonyburgh,Vermont,69078,176.862127,27.8113935
Jamie Ramirez,64,80273 Patricia Flat,Gutierrezshire,Wyoming,26343,-51.253881,88.8608395
Susan Santiago,47,6557 Harris Lodge,New Melissa,Montana,24498,24.700997,-38.0019825
Robert Lawrence,34,92240 Kathy Fort Apt. 982,Maynardchester,Arizona,91447,146.110633,60.053626
Alexandra Lopez,67,035 Benjamin Trail Apt. 870,Andresmouth,North Carolina,83755,-62.935013,15.0392405
Shane Smith,27,561 James Plaza,Alfredchester,Rhode Island,52806,25.565906,-71.461374
Joseph Lopez,59,39201 Bell Centers,Johnside,Texas,51970,-62.476165,14.0159415
Maria Sloan,20,97601 Caleb Junctions Suite 510,Juanmouth,Alabama,20971,-43.719699,-55.468721
John Hamilton,73,600 Tony Ridges Apt. 973,Hallfort,Georgia,11335,164.927047,-70.135655
Rhonda Evans,47,2939 Ellison Gardens,New Derrick,North Carolina,66390,-144.648295,42.0961375
Stacy Jones,72,2307 Aaron Road Suite 897,Erinview,Oregon,70226,141.023448,50.435648
Elizabeth Roberts,71,8147 Elizabeth Skyway,Meyerfurt,Maryland,32528,-151.147475,-56.713595
Amy Silva,62,353 Juan Radial Apt. 402,Anthonyport,Maine,22657,-100.284405,9.661000
Tracy Hall,30,6287 Jennifer Fort Suite 640,Lukemouth,Arizona,34332,38.902628,44.0547055
Jennifer Adams,64,04598 Jasmine Street Apt. 652,East Richardstad,Ohio,77533,105.645624,-52.8176715
Alan Leach,64,40581 Case Shores,East James,Washington,20770,26.007560,1.4745235
John Foster,28,563 Stewart Manor Apt. 470,Janetshire,Texas,37992,-167.224053,19.6550695
Lynn Harrell,68,658 Lara Motorway,East Ryanborough,New Mexico,71415,57.133558,71.882879
Benjamin White,26,42514 Walters Fall,Hansonhaven,Connecticut,68839,166.889142,39.995645
Lisa Kelly,40,344 Amy Squares,Markburgh,Mississippi,36137,-35.439770,41.4216705
Melanie Sanders,79,913 Cameron Crest Apt. 218,West Amandachester,Minnesota,87111,43.662479,-81.0429055
Tony Morales,30,398 Joshua Rue,Port Eric,New York,24858,-140.999504,77.519381
Barbara Jackson,77,12460 Marvin Passage,Ramosburgh,New Jersey,28653,-79.984009,50.2785515
Kelly Henson,26,1013 Thompson Corners,Port Amber,Tennessee,32975,-70.022156,60.175702
Colton Dillon,20,138 Crystal Pine,South Lindseyview,Iowa,20824,89.233686,-36.9753125
Jenna Thompson,55,643 Frazier Vista Suite 258,North Adam,Louisiana,51582,113.206773,81.756588
Jack Williams,56,576 Thompson Shores Suite 452,Nicholasborough,New Hampshire,25089,140.048723,-14.9221635
James Smith,53,7756 Madison Hill Apt. 484,Lake Sabrinaport,Virginia,22323,46.601052,70.420897
Jessica Mathews,58,773 Mclaughlin Valleys,Donaldville,North Carolina,54847,-60.470258,49.4185145
Ian Alvarado,29,8390 Mason Mountains Suite 427,Lake Jerry,Ohio,78708,2.308645,-34.091374
William Potts,25,1274 Curtis Skyway Apt. 864,Kristieland,Hawaii,54015,-91.205191,-17.046080
Amy Cowan,27,906 Wilson Springs Suite 211,Kathyburgh,Arkansas,39818,-91.627850,-45.1801705
Felicia Rowland,53,017 Michael Tunnel,South Shellyborough,Colorado,97183,53.008484,59.1118415
Joshua Robertson,47,19066 Alyssa Rapids,Freemanton,Kentucky,14269,121.629150,-22.2335665
Hayden Rios,40,988 Mark Fields,Anthonytown,Alabama,90456,-16.766313,-64.073766
Gary Morgan,33,3727 Richard Brook Suite 324,Jonesborough,Texas,92641,139.999850,-64.2879405
Tyler Johnson,53,8705 Schmidt Harbor,South Ian,Idaho,90416,85.729801,-89.2653235
Sonia Kemp,20,665 Mckee Locks,Spencershire,Ohio,98311,-166.173287,-10.531678
Dr. Brandon Armstrong,73,570 Berry Stravenue Apt. 719,North Alexandria,Montana,06457,163.408665,53.6998245
Angela Michael,53,80160 Bennett River Suite 214,New Ian,North Carolina,57283,-124.498446,37.230982
Timothy Reed,66,74544 Sarah Oval Suite 353,Wallaceland,Massachusetts,07386,-40.400698,-71.7575075
William Tate,64,8905 Foster Pike,Floresbury,Massachusetts,62279,168.586878,-27.0820895
Brian Harrison,64,11288 Armstrong Square Apt. 464,Port Jenny,Minnesota,35082,-33.384997,19.2775865
Michael Mcdowell,73,1125 Perez Parkway Apt. 324,New Lawrence,Nebraska,23092,-123.013080,59.508247
Chelsea Erickson,70,1013 Chung Estates Apt. 476,Lake Glenside,Louisiana,86542,105.915732,48.680811
Nathan Duncan,52,45776 Ricky Falls Apt. 905,Johntown,Alaska,27498,17.092215,-27.6736155
Willie Jones,78,088 Caleb Well Apt. 745,North Theresa,Missouri,11118,-178.171921,76.896497
Daniel Taylor,64,557 Jill Ramp,North Gina,New Mexico,50146,20.105083,-79.673465
Jeremiah Randall,58,747 Nichols Way Apt. 171,West Barbara,Alabama,62661,78.028582,36.3411025
Miguel Thomas,35,70997 Wilson Creek,Lake Theodore,Florida,23335,-95.223971,25.3292555
Meredith Scott,22,957 Mason Freeway Apt. 939,Jamesshire,Hawaii,86044,77.543236,55.1910805
Christine Boyd,35,55035 Anne Common Suite 255,New Paulshire,Virginia,99069,93.624758,-85.9500445
Jonathan Wagner,71,03170 Romero Island Apt. 510,West Luis,Idaho,05442,-106.240462,-58.507458
Anna Rodriguez,71,3288 West Ford Suite 225,Lake Jennifer,Illinois,68529,-64.210340,-72.497807
Tony Young,70,8236 Williams Stream Apt. 546,West Christine,North Carolina,46873,-77.213485,-47.569900
Sarah Brown,62,82630 Amy Drive Suite 735,Stephanieton,Louisiana,34514,-92.655551,8.133353
Katrina Little,75,8474 Williams Harbors,Lake Jakeport,Vermont,91099,-40.789144,70.5062645
Dawn Weeks,73,511 Lewis Streets Suite 169,Port Stephenmouth,West Virginia,58046,-143.962057,-81.391584
Beth Brown,69,2281 Daugherty Dale,South Lorishire,Arizona,92280,53.256906,32.5872745
Ashley Underwood MD,27,0643 Elliott Wells,Porterside,Texas,76783,-98.424126,-68.9768245
Robert Hall,23,3164 Meagan Village Suite 311,New Edward,Nebraska,86542,-35.007956,61.386149
Charles Walker,56,67962 Wade Creek,Garciaton,Kentucky,85581,165.892475,-9.328896
Devon Hernandez,45,717 Bell Shoal Suite 845,East Michael,Michigan,71717,135.776471,-77.602562
James Robinson,64,96686 Jeremy Prairie,New Danielmouth,New York,18343,-96.417629,-13.056439
Jason Garcia,69,5118 Todd Throughway Apt. 777,Lake Jack,Alaska,80016,-157.132893,-82.5712815
Curtis Fields,66,0218 John Cove,Jenniferfurt,Maryland,30621,71.947391,80.9785685
Justin Martinez,50,43850 Vincent Skyway,Douglasstad,Alaska,63549,127.701790,-59.9945325
Todd Jones,56,258 Cruz Well Apt. 302,New Melissafurt,Washington,50372,67.234438,-22.471250
Jimmy Larsen,58,03141 Zuniga Meadow Apt. 430,North Denise,Kansas,54131,-13.089728,-0.6036465
Rebecca Lindsey,53,855 Johnson Burg Suite 814,South Taylorbury,Utah,84691,-168.849549,-12.127966
Donald Bennett,67,824 Wilson Common,West Zachary,Nevada,69923,20.092534,12.831540
Samantha Smith,48,74901 Alexis Pines Suite 889,Matthewstad,Nevada,76536,16.808262,17.226273
Gerald Delgado,62,16659 Rice Loaf,South Marisaview,Virginia,16916,-155.631991,-41.472417
Stephanie Peterson,30,280 Carol Falls,Port Samuelbury,South Dakota,50595,15.652127,-26.217282
Stephanie Choi,34,64369 Nicholas Burgs Apt. 666,Port Larryfort,Kansas,79616,101.632632,23.044101
Michael Johnson,20,732 Jessica Prairie Suite 777,Maldonadoshire,Maine,08242,-147.185502,57.101769
Amy English DVM,65,06152 Anne Crest Suite 200,Donovanstad,Georgia,57426,123.105499,-30.221508
Sarah Goodwin,37,78887 Hannah Bridge Apt. 921,Anthonyview,Kentucky,56917,-70.358178,77.293445
Ruth Andersen,37,06419 Johnson Tunnel,West Jim,Rhode Island,30575,121.097939,68.0082075
Gwendolyn Taylor,23,97387 Angela Crescent,West Williamstad,New Jersey,16610,35.555595,-2.2633985
Andre Huber,63,91954 James Run,Kimshire,Michigan,10779,91.119315,-32.1628495
Brady Hartman,56,52918 Mark Harbor,Georgefort,Indiana,62372,-148.064921,-56.3175375
Christian Jensen,25,977 Hicks Brooks,Port Benjaminbury,South Carolina,67365,-139.457685,-4.1020515
Charles Castillo,43,3445 Andrew Shoals,Fritzside,Texas,99711,-139.272464,-63.898628
Todd Wise,76,5354 Hall Branch,Port Loganmouth,Maine,61214,105.366650,27.6487365
Daniel Brown,27,296 Richards Burgs Suite 806,South Kevintown,New Jersey,25890,-26.508687,-2.285459
Vanessa Lawson,57,759 Miller Glens,Erinburgh,Louisiana,26387,-7.983045,25.638726
Timothy Garrison,57,064 Bond Street Apt. 360,Kathleenport,Utah,62444,63.906550,-62.346290
Jennifer Moss,35,89587 Christine Isle Suite 168,West Stephanie,Wisconsin,73075,11.887048,-87.2121775
Sue Nolan,66,0841 Anthony Tunnel,Lake Natalie,Massachusetts,91693,134.086550,3.168477
Larry Calderon,77,55174 Seth Way Suite 711,South Patrickshire,Utah,51051,-124.621016,27.7483895
John Mathis,23,020 Alexander Summit,Port Andrew,Montana,51025,-148.431854,61.525065
Lindsey Hall,59,71053 Morales Landing,New David,Texas,02523,-164.659270,-42.9294885
Amanda Lynch,63,86510 Daniels Circle,Mckeeville,North Dakota,83077,-89.152714,60.115940
Donald Butler,55,865 Campbell Pass,Cherylhaven,Oregon,30358,146.668041,-78.1386835
Henry Moore,70,0355 Courtney Brooks,Shawnport,Alabama,30732,-25.658779,83.699546
Donna Turner,51,88890 Bradley Stream Suite 210,New Kathleenchester,Mississippi,33569,-54.778030,-11.589522
Mrs. Jacqueline Harris,66,50975 Jackie Garden Suite 374,Lake Sandy,Massachusetts,30872,-86.227095,9.188102
Jacqueline Cain,32,41483 Kevin Via Suite 807,North Saratown,Colorado,19119,-128.626906,54.0877115
Andre Martin,53,313 Sullivan Park Apt. 161,Markfort,South Carolina,85716,-156.969742,-48.775920
Jessica Kennedy,47,9929 Carpenter Meadows Suite 672,Jasonburgh,West Virginia,61921,-39.940317,33.041489
Carla Gardner,56,13623 Kristen Well,Cherylville,Montana,44214,-69.602332,-62.567841
Amanda Perry,22,669 Emily Cove,Ryanburgh,Georgia,93119,-50.285687,-55.8101985
Gerald White,25,5083 Joseph Drive Suite 604,New Juliehaven,Nevada,72315,-156.867907,-56.4751175
Taylor Castillo,24,23553 Blackwell Mission,West Ethanville,Massachusetts,77976,21.401836,-82.900506
Jillian Stokes,74,1041 Richmond Mills,Lake Michaelport,Missouri,91657,44.746387,21.091824
Samuel Jones,39,10857 Jones Mission Suite 372,Phammouth,South Dakota,52864,-42.020780,67.5626965
Kelly Richardson,80,7106 Ethan Cape Suite 645,West Aaronview,Virginia,52960,-165.897820,-11.855683
Nathan Harrington,23,1089 Webb Falls,Port Antoniobury,Texas,71817,-58.974797,66.0147695
Morgan Fowler,48,94025 Townsend Cove,North Kathy,Colorado,24435,82.694957,13.204265
Jessica Wagner,36,86000 Grant Roads Apt. 747,North Ryan,Delaware,53576,-139.007799,-58.0836705
Alexis Diaz,46,928 Payne Row,Josechester,Wisconsin,50552,160.144083,51.649957
Regina Hernandez,64,44975 Lisa Greens,North Susanbury,Iowa,09291,-72.623496,-31.715555
Brianna Scott,40,4455 Veronica Trafficway,New Savannah,Tennessee,19219,-134.478388,59.831846
Julie Johnson,73,1334 Higgins Creek Apt. 919,Kingtown,Utah,28312,144.938932,-11.828586
Susan Owen,37,38574 Rhonda Unions,Port Keith,New Mexico,69307,-144.038034,43.243214
Richard Leon,23,756 Matthew Via,Taylorside,Illinois,62299,85.085466,-71.3520455
Donna Lee,51,0307 Bailey Mountain Suite 633,South Michael,Nevada,74927,-32.446952,49.5819675
James Williams,35,67930 Hebert Bridge,North John,Washington,13082,-102.514600,27.0486505
Michael Montoya,62,116 Bridges Hill Apt. 861,South Jesus,Kentucky,95188,78.385367,9.3967445
Corey Hampton,44,5118 Bradley Prairie Apt. 822,Wallaceburgh,South Carolina,57326,-71.046768,-20.0487745
Brandi Nelson,74,2459 Williams Fall,West Ruthshire,South Carolina,75522,-48.821487,30.498976
Christopher Wiggins,73,246 Rodney Loop,Port Juliaborough,North Dakota,32979,-102.149753,22.595160
David Henderson,77,4355 Nicholson Springs,Burgessfurt,South Carolina,63814,-123.879386,13.2832555
Aaron Mitchell,18,2021 Griffith Keys Apt. 842,Caldwellhaven,Nebraska,19410,28.806413,-6.2739585
Sylvia Romero,24,8371 Friedman Mountain,Lutzberg,Hawaii,59866,171.077771,13.330116
Katie Hoffman,76,001 Moore Trafficway Apt. 572,Ramosport,Wisconsin,63245,39.511202,1.1770405
Scott Wells,33,7441 Todd Spring,Fisherhaven,Montana,59654,-131.368244,-39.901234
Jeffrey Simpson,76,2859 Jessica Groves,West Pamela,South Carolina,23201,84.667426,57.5191045
Reginald Wilson,75,97651 Riley Mills Apt. 705,New Elizabethmouth,Connecticut,25165,91.831253,15.9499535
Danielle Russell,36,170 Amber Parkways Suite 565,Clarkchester,Colorado,41415,-87.013115,53.7764405
Gina Harvey,48,65004 Kathy Springs Suite 004,New Samantha,Tennessee,06232,-93.120459,44.4110975
Nicole Hanson,46,899 Watson Centers,Simonport,Massachusetts,98632,132.575422,7.476371
Denise Kelly,68,1757 Suzanne Crescent,Palmerville,New York,38113,-140.690211,64.627074
Jeremy Calhoun,24,15643 Davidson Port Suite 052,Kendraborough,Iowa,38500,42.856353,81.3537955
Lori Miller,75,530 Lynn Rest Apt. 405,Danielport,South Dakota,81735,-166.471245,0.326571
Erin Kelley,28,67116 Craig Canyon Suite 410,Port Richard,Iowa,83448,-170.717160,34.907097
Jon Ward,49,1504 Monica Valley Apt. 909,Port Jeremy,Arizona,96282,108.305536,41.104062
Jason Mejia,27,1600 Rodriguez Shoals Apt. 351,West Jamesport,Maryland,90949,21.630456,76.326082
Angela Walker,43,5450 Robles Haven Suite 861,East Daniel,South Carolina,77947,151.156324,-8.0195975
Jason Wright,32,526 Wheeler Freeway Apt. 008,Patriciaton,Arkansas,81067,-102.680714,-6.2058605
Jeffrey Medina,79,63413 Garcia Curve Apt. 420,Garyview,Rhode Island,91059,-96.477179,-37.340301
Brittany Aguirre,32,9799 Gamble Points Apt. 854,South Jennifer,Montana,63203,108.970246,-4.1621655
Jesse Velez,21,625 Lydia Tunnel,East Maryshire,Vermont,42211,-65.561265,85.4833455
Thomas Rollins,35,206 Allen Forks Suite 724,Dawsonfort,Hawaii,75620,17.894352,-55.077959
Anthony Anderson,57,4087 Johnson Turnpike Apt. 797,New Jennifer,Hawaii,30928,39.856255,-75.1652525
Jennifer Chan,75,8888 Thomas Trace,Robertschester,Arizona,12217,-139.017061,13.015003
Christina Norman,21,773 John Viaduct,West Lisashire,Connecticut,43883,-57.678893,-85.5279465
Paula Wilson,54,66816 Franklin Glen,Port Michaelshire,Wyoming,46587,71.560628,-23.3338175
Leslie Brown,49,135 Rodriguez Gardens,East Shanefort,Mississippi,58200,-120.266097,31.040825
Monica Douglas,28,7778 Hale Tunnel,New Steven,Minnesota,04218,-159.687915,-8.804616
Alan Martinez,35,47958 Johnson Mission,Pettyberg,New York,43635,134.222831,84.6038275
Kara Lawrence,48,163 John Rapid Suite 646,Laurastad,Iowa,77055,74.551465,29.1384025
Bridget Anderson,34,7372 James Path Suite 297,Lake Mariamouth,Maine,55062,-36.530314,-16.189497
Victor Rich,27,9383 Joseph Stream,North Steventown,North Dakota,65540,47.237933,17.3602785
Derek Hill,66,606 Davis Cliff,Ericaland,Missouri,07505,-112.943872,-30.073050
Daniel Burns,48,2221 Christopher Burgs,West Danny,Ohio,77039,168.552384,-70.2560785
Jessica Jones,19,250 Tara Junctions Suite 615,West Carla,North Dakota,35327,-153.548226,45.220137
Gerald Daniels,79,346 Anderson Parkway Suite 279,New Melanie,Illinois,61084,-174.542465,-86.388831
James Levine,18,56614 Melissa Throughway,Lake Jennaburgh,West Virginia,82807,-69.976559,-64.0080385
Jennifer Johnston,62,005 Bowman Via Apt. 623,Charlesbury,North Dakota,10903,-5.590648,-24.862570
Justin Owens,65,6152 Travis Greens Suite 907,Danielleview,Pennsylvania,58725,133.806162,27.525687
Juan Brooks,68,67322 Gilbert Alley Apt. 949,West Katherine,Wyoming,21773,-39.476401,48.2555635
Timothy Schultz,49,0030 Maria Pike,West Denniston,South Dakota,86198,-130.765822,55.504196
Renee Woods,76,08895 Kevin Valleys,Davidville,Illinois,40277,-171.595251,88.759610
Lindsay Ruiz,47,2157 Gonzales Drives Suite 009,Lake Theresaborough,Virginia,18904,-157.030209,-52.3009725
Elizabeth Harris,36,2326 Zachary Shores Apt. 862,New Anna,South Carolina,39461,17.502641,68.2050415
Hannah Hammond,56,481 Michael Cove,West Dawnton,Ohio,48776,120.527004,-16.583453
Heidi Riley,43,64058 White Underpass Suite 584,Rachelburgh,Iowa,37152,-168.176545,15.638999
Nathaniel White,61,347 Anthony Track Suite 070,Thomashaven,Rhode Island,48404,-26.536298,63.3522355
Linda Potts,34,8636 Arnold Drives,Vasquezton,Louisiana,01693,74.369477,-73.4897515
Heather Schultz,66,5101 Miguel Pass,Lake Rebekah,Hawaii,71594,-93.252610,16.376450
Jennifer Martin,44,351 Patrick Stravenue,West Daniel,Hawaii,64419,-100.332840,10.8539935
Kimberly Poole,53,43807 Katherine Crossroad Suite 777,Kirkfort,Virginia,98311,-91.844291,-34.706372
Candice Phillips,68,1446 Montes Route Suite 313,Lyonsside,Arkansas,13123,-174.277551,-5.1463195
Christina Mitchell,24,30528 Durham Crossroad Suite 347,Colinville,South Carolina,45197,85.576218,-35.0403255
Matthew Williams,24,8394 Jennifer Springs,Butlerhaven,Pennsylvania,19706,-110.793469,-64.1350395
Raven Frederick,27,9585 Linda Well Apt. 789,Port Ashleytown,Vermont,66725,-116.393151,33.9110685
Brent Moses,53,58748 Wilcox Vista Apt. 471,Jeffreyland,Mississippi,27101,147.003355,-77.9480885
Kristi Park,58,5469 Evans Oval,New Thomasfort,South Dakota,75592,-102.828144,74.9400445
James Schmitt,38,2875 Kim Ranch,Davidchester,Texas,12938,-47.550227,-80.841629
Kayla Mendez,75,1372 Castro Avenue,New Paulberg,Nebraska,65909,-108.484875,-87.751820
Aaron Taylor,26,0872 Flores Street Suite 263,Lake Summer,New Jersey,85311,177.179709,27.5851795
Michael Martin,72,34354 Parker Neck,Lake William,Maine,08016,-109.673268,6.439308
Annette Martinez,65,904 Mark Knolls,East Jessicashire,Utah,48548,-6.706604,18.5312455
Christopher Horton,69,4321 Tonya Divide Suite 060,Vasquezfurt,New York,54835,1.553458,20.313901
Arthur Allen,33,29394 King Pine Suite 507,Catherinefort,West Virginia,05833,95.508733,25.7709185
Lisa Wilson,34,945 Haley Shoals,Prattland,Illinois,31489,104.671534,-64.1354935
Todd Graham,67,119 Jacob Wall,Lake Sandy,Kansas,48982,-179.189217,-27.047979
Tony Erickson,54,98615 Russell Freeway,Port Victoria,Arkansas,38452,-18.790162,-10.8486395
Marvin Villarreal,68,007 Camacho Trail Suite 628,Pattersonland,Arkansas,65883,-61.575259,-76.045701
Jasmine Aguilar,77,004 Ashley Path Apt. 248,West Danielfort,Kansas,98517,164.729814,56.6595765
James Jones,79,971 Amanda Knolls,West John,Washington,87887,-124.255333,32.879840
Catherine Matthews,64,52709 Stephanie Shore,Wendybury,Maine,49643,32.584555,9.454441
Tiffany Diaz,59,29215 Amanda Courts Apt. 291,Collinsstad,Florida,75822,-34.254244,-85.065534
Katherine Lopez,57,1403 Brady Cliff,New Amy,Iowa,74119,131.738124,-0.6480485
Paul Williams,22,91405 Todd Junction Suite 280,Nicholasburgh,South Dakota,72201,-29.566810,20.893506
Rebecca Garcia,67,3482 Miranda Fords Apt. 600,Tonyborough,Vermont,50818,-156.451279,-82.8607225
Diane Hughes,44,6857 Jordan Mews Suite 219,New Erin,Washington,44302,117.167826,-27.183056
Amanda Baker,63,07847 Sara Key Apt. 848,Port Nicole,South Dakota,03946,93.492825,-54.0817745
James Hubbard,46,4238 Steven Tunnel,Lake Courtney,Maine,16165,9.675739,-73.168990
Ann Morgan,33,0695 Kirk Mountain Apt. 929,Ayersmouth,Louisiana,28427,-95.436778,-64.9385905
Patricia Jones,55,567 Dunn Prairie Suite 552,Cruzside,Wyoming,76874,-173.442240,61.766029
Stephen Howell,46,96691 Lambert Valleys,New Carlville,Idaho,76082,13.079982,65.9485105
Annette Baker,46,590 Nathan Stravenue,Petersenchester,Virginia,15317,1.062526,-54.1018475
Brianna Kim,41,35686 Calvin Grove,Port Teresaside,South Dakota,75964,111.593794,-61.5501065
Rebecca Saunders,30,44752 Savage Viaduct,Markberg,Montana,05235,58.191749,-56.0300395
Julie Green,70,872 Yvette Passage Suite 432,North John,Kansas,46180,72.829529,-62.9430235
Lisa Hobbs,53,218 Carrie Spring,New Melissa,Texas,80343,-91.082796,-32.7003525
Elizabeth Sanchez,53,8056 Walker Rapid Apt. 495,Lake Dustin,West Virginia,47949,-161.271175,-83.4199185
Kenneth Clark,79,051 Amanda Cape,Lake Sierra,Michigan,31839,21.676309,-49.085132
Steven Phelps,78,889 Dixon Groves Suite 873,Lake Sheila,Oklahoma,54694,-44.745754,55.910726
Nicole Stanley,77,195 Lopez Stravenue Suite 382,South Kimberlybury,Minnesota,31873,-10.508375,43.3903305
Kathy Hurst,36,293 Wise Roads Apt. 340,East Bruce,Ohio,10498,39.891472,27.4321025
Andrew Arnold,30,9351 Johnson Parkway,Reidhaven,Washington,16121,64.908680,-8.7321735
Mary Dickson,79,6223 Sanchez Spring,Port Adamfurt,Arkansas,97405,-140.308905,73.4478875
Faith Garza,20,35919 Amy Mountain Suite 522,North Lee,Texas,64584,-37.319691,2.239631
Robert Young,19,37992 Phillip Terrace,Gonzalezmouth,Ohio,51540,-85.115419,-87.734524
Eric Johnson,60,33275 Lewis Mills,Port Jeremy,Colorado,70671,171.825958,35.926800
Rebecca Warren,63,33907 Eric Run Apt. 048,Garciamouth,New York,94166,-42.347842,-57.378125
Natasha Jones,57,0282 Reed Extension Apt. 150,Riverahaven,New Hampshire,46169,51.784348,58.0377035
Connor Harrington,57,336 Sims Fork,South Nathanielberg,South Carolina,01744,57.847569,-74.510168
Nicole Johnson,52,979 Amanda Points Suite 801,Kochmouth,Minnesota,09414,21.744487,53.425204
Heather Cook,43,4692 Oconnor Manors Apt. 845,Port Melissa,Maine,31857,-143.490438,-55.775492
Matthew Johnson,63,0782 Jennifer Port,Sarahmouth,Iowa,27662,-102.669394,-27.9164295
Kenneth Thomas,58,48705 Arnold Centers Suite 008,Patricktown,Nebraska,26452,-102.793212,-9.2439385
Ralph Richardson,43,3626 Allen Corners Suite 145,North Michelleside,Montana,38153,176.184265,-81.366601
Victor Harris,44,4674 Garcia Plaza,Robertberg,Idaho,37990,-150.912316,-29.2932305
Heather Galvan,68,1193 Johnson Junction,Joneston,Rhode Island,64153,43.877993,67.0870205
Samantha Hart,59,871 Johnson Islands Suite 780,New Danielle,California,19011,123.920920,-65.717787
William Wilson,43,2784 Mike Square,West Davidview,Hawaii,62488,-18.605089,-85.7047675
Cesar Wilson DDS,78,141 Lisa Brook Suite 060,Lake Kimberlyport,South Carolina,65217,8.171904,85.136391
Diane Webb,37,39929 Leach Crest Apt. 175,Michellestad,Connecticut,96334,-85.787264,-30.8931395
Jean Perez,38,1106 Long Canyon Suite 837,West Robert,Pennsylvania,51669,-58.371014,20.629630
Eric Flowers,22,2215 Ashley Canyon,North Derek,Indiana,58824,138.027582,-74.325079
Travis Griffith,53,190 Hannah Mill Suite 335,Sheltonberg,Wyoming,42094,155.041814,3.724704
Donald Fitzpatrick,64,38345 Thomas Junctions Apt. 506,Angelland,Indiana,34667,-111.981732,-56.283570
Joyce Turner,72,7450 Graves Mission,Amandabury,Hawaii,85922,151.033836,-50.675387
Dawn Lambert,44,097 Sandra Park,South Justinport,Massachusetts,39246,84.212731,75.980610
Sarah Gomez,44,3030 Andrews Falls Apt. 704,Lake Erika,Rhode Island,34538,88.203069,-55.2376425
Carmen Fuentes,49,18579 Chelsea Locks Apt. 296,Melissaburgh,Maine,99947,143.965399,-51.846375
Lydia Morris,26,9264 Andrea Square,New Carmenstad,New Mexico,90306,117.040578,54.5386045
Lori Morris,64,54381 Thompson Meadow,Michaelafort,Wisconsin,16713,-172.859642,78.242169
Jennifer Potts,33,77367 Ramirez Squares,Allenton,Wisconsin,90787,-116.904090,-61.3874435
Michelle Glass,41,01723 Janice Rest,Hectorland,West Virginia,16157,-124.768170,40.9285075
Jessica Evans,51,3079 Ballard Shores Apt. 227,Marcusfort,North Carolina,24635,99.402523,-75.0259445
Morgan Drake,44,5827 Gregory Cove Apt. 595,Port Christopher,Mississippi,79728,46.072977,-19.7542695
Michael Taylor,74,2029 Cassandra Views Apt. 212,Williemouth,Ohio,15282,-47.054292,-1.101783
Jacob Campbell,62,871 Taylor Locks Apt. 505,Smithtown,Rhode Island,23438,17.423941,87.5482505
Erin Peterson,29,4600 Petty Divide Apt. 238,West Jonathanberg,New Mexico,55318,58.080248,85.7221995
Annette Woods,45,26774 Nicole Circles Apt. 658,Port Kylefort,New Hampshire,89974,94.845244,-58.7908925
Jason Simpson,67,11913 Marshall Centers Apt. 014,Lake Robert,Montana,49192,93.502936,53.675419
Kelsey Pace,48,645 Blackburn Hollow Apt. 794,Amandabury,Washington,67692,91.187753,-18.7550935
Jennifer Vaughn,30,56307 Boyd Ridges,East Steven,Maryland,41903,19.124878,-7.496594
Richard Boyd,80,4446 Stacy Skyway Apt. 943,Austinborough,Nebraska,08624,132.170955,-7.511658
Erin Arnold,30,646 Sarah Plains Suite 757,Bestchester,South Carolina,69440,80.255274,-87.8040405
Linda Wolfe,33,64454 Janet Viaduct,South Kenneth,Kansas,37998,-9.055625,-3.9856555
Logan Hayes,50,24159 Michael Orchard Apt. 471,Emilyberg,Maine,31903,122.717280,-57.273556
David Smith,31,4437 Calderon Heights,Lake Kevin,Oklahoma,24958,-133.851608,-83.481059
Daisy Peterson,19,349 Kevin Circle Suite 557,Buckleyfurt,Wyoming,97917,179.694222,49.443214
Yvonne Carpenter,50,47365 Maria Skyway Suite 618,Kennethtown,Connecticut,01832,-1.657955,10.337611
Emily Murphy,76,6839 Dean Forges Suite 684,Pierceville,Hawaii,19705,100.144116,-31.553674
Heather Davis,33,176 Toni Streets Suite 746,Frankberg,Oregon,02426,6.318691,41.647329
Wanda Page,56,81666 Wiggins Square,Danielmouth,South Dakota,77799,-123.685831,6.5815165
Crystal Bishop,31,1871 Michael Plains Suite 145,Cindyport,South Dakota,01477,-63.072423,-56.0703885
Jacob Barton,46,606 Phyllis Mill Apt. 944,Bennettton,Massachusetts,69307,17.098875,4.554072
Jennifer Chase,59,9636 Stephanie Mission Suite 955,Lynnton,South Carolina,03914,-179.318258,-48.876573
Katie Wiggins,41,215 Haley Squares,South Theresa,Pennsylvania,41282,-80.811408,22.289599
Ashley Dalton,75,82590 Peters Common,Jamesberg,New Jersey,62412,-126.570265,-53.8150935
Jennifer Howard,70,948 Susan Lane,New Wesleymouth,Massachusetts,11255,149.588475,62.989571
Bradley Farrell,69,0684 Young Drive,Henryton,Alaska,74333,14.281482,17.590296
Elizabeth Griffin,30,030 Nichole Motorway,Port Shawnachester,Florida,80511,94.943716,-73.159938
Sarah Peterson,22,8328 Jason Crossroad,Davisbury,Kansas,87570,52.519038,45.2551805
Ana Ford,80,6203 Roy Ports,Stephaniehaven,Wyoming,07146,-174.158254,38.010498
Angela Watson,66,0565 Scott Meadow Suite 758,South Tiffanymouth,Georgia,39277,-75.048117,73.899614
Andrew Singh,41,12508 Callahan Meadows,East Susanton,New Hampshire,65482,38.312127,57.8355505
Jonathan Jacobson,32,98967 Cole Summit Apt. 910,Jimmyborough,Iowa,95749,-93.018448,38.2045315
Amanda Brown,56,35386 Pamela Knoll,Castanedaberg,Wyoming,40231,-4.452377,73.279486
Jennifer Robles,51,760 Higgins Mall Apt. 607,North Amyfort,Virginia,83889,39.143058,-19.977199
Kiara Christensen,37,67605 Bobby Crest,Lake Ashleychester,Washington,86203,-67.491947,-12.4002505
Cody Torres,78,1435 Garrett Corner Suite 053,Combsberg,Michigan,02486,-173.022171,60.0907675
Kelsey Lopez,52,4125 Turner Land,Waltersburgh,Florida,46314,90.360992,-27.605235
April Flores,65,778 White Mills Apt. 933,South Thomasville,South Dakota,87467,147.344377,63.720644
Robert Johnson,30,87167 Alexander Crossroad Apt. 457,Moodyview,Illinois,49303,-3.969129,-57.2248245
Alyssa Ortega,53,88227 Mora Divide Suite 935,Westhaven,Indiana,94546,-103.814016,-69.966347
Eric Smith,50,416 Lopez Club Apt. 112,Adamville,New Mexico,96197,98.712984,28.0901665
Destiny Garrett,33,82817 Brenda Extensions Suite 593,Bennettville,Mississippi,08714,-1.918240,-33.658345
Jennifer Welch,62,994 Jeffrey Via,Sarahmouth,Nebraska,42530,-104.126492,-21.204614
Emily Summers,33,19657 Walker Bypass Suite 570,South Joanna,Tennessee,83546,148.322189,-74.3596175
Jeffery Jones,50,103 Johnson Lodge Apt. 524,New Douglas,Kentucky,64576,151.663138,73.1257045
Danielle Jackson,40,9009 Kevin Way Suite 496,Marissaview,Oregon,77404,-127.592244,7.2890845
Michael Schmidt,67,755 James Turnpike,Lake Ryanburgh,Idaho,31277,-179.702059,-53.5608815
Alexis Foster,27,39285 Wilson Mall,Kaylashire,Iowa,17920,-146.912435,33.1446845
Matthew Lee,20,95308 Ramirez Summit Suite 305,East David,Colorado,30755,151.693880,5.7039735
Amy David,30,528 Davis Summit,Eatonchester,Idaho,96973,44.866176,73.263403
Collin Hudson,38,4600 Brianna Forges,Johnchester,Utah,19589,169.948501,-84.7528215
Angela Wilson,36,84476 Smith Rue,Sarahmouth,Delaware,12047,-30.423202,-52.760253
Crystal Evans,68,92452 West Club,Lake Patrick,New York,82907,-136.874530,76.3855105
Lori Barton,64,33478 Paul Run,New Brittany,Hawaii,52999,-96.414144,-20.807237
Michael Parks,20,9089 Wong Greens Apt. 596,Lake Brian,Indiana,25199,30.286194,49.7763135
Alicia Nelson,55,237 Smith Ford,Travischester,Delaware,40414,-11.817877,-70.252173
Becky Burns,29,851 Lewis Springs Apt. 288,Powellmouth,Wisconsin,38942,-77.581981,-52.9349315
John Greene,57,20431 Alicia Wall,Lake Nicholas,Alaska,06500,76.368397,54.616300
Tracy Nixon,20,07998 Diana Mews,Baileyport,Massachusetts,69856,43.636920,12.9778925
Melanie Dodson,56,3754 Adam Forks Apt. 205,Castroborough,Colorado,80516,-101.539121,-57.0524795
Amanda Garcia,69,91090 Cheryl Row,Matthewville,Maine,49612,77.350662,-19.114425
Sean Barnett,58,80012 Valenzuela Loop Apt. 801,Loganborough,Iowa,01132,29.065991,55.8648625
John Ross,39,5270 Simmons Harbor Apt. 031,West Morgan,Louisiana,14944,-143.627568,-23.411958
Jeffrey Perez,37,8726 Henry View Suite 606,Eddiefort,New Mexico,40153,-2.061882,62.1829515
Amber Wells,25,2177 Donald Radial,Lake Stephaniebury,Georgia,20432,-18.733825,-32.3235445
Terry Knight,28,91911 Christopher Center,Lake Joshuaborough,Idaho,48060,-12.829487,82.670075
Jeanette Garrett,45,45410 Mary Spring,Port Anthony,Alabama,31680,11.136205,88.850209
Kyle Smith,76,64305 Brian Bypass Apt. 093,North Abigailhaven,Mississippi,53011,113.597601,-60.6029615
Samuel Jones MD,28,9953 Darren Pine Apt. 697,New Michael,Illinois,31140,59.917976,31.510377
Laura Walker,52,1345 Brian Valley,Rodriguezport,Texas,45052,-120.116682,-65.026163
Corey Adams,77,901 Daniels Manors,Sarahshire,West Virginia,83181,-26.764435,-58.2174575
Lindsey Romero,58,5224 Kyle Meadows,Reesemouth,Massachusetts,48382,34.407413,10.784152
Terry Lee,69,49049 Richards Hill Suite 867,East Stephen,Montana,89694,29.177408,-87.967169
Jacob Roberts,64,257 Lopez Lodge Suite 437,Montesshire,Montana,15743,59.556744,61.3557585
Daniel Copeland,62,8137 Donna Ferry Apt. 217,North Jeffreyland,Oregon,13481,-120.731886,-46.334276
Andrew Simmons,32,606 Sean Inlet,Ambertown,Pennsylvania,65759,53.040562,57.757532
Raymond Wright,32,3055 Lori Oval,North Jonathonburgh,Hawaii,46460,-162.256740,5.869975
James Duarte,52,65960 Knight Knolls,Rebeccabury,Alaska,55977,89.240555,-48.4833085
Rebecca Long,53,327 Marshall Alley,South Andrew,Pennsylvania,24802,-20.962247,28.055387
Mariah Ward,34,849 Corey Corner Apt. 125,Farrellton,West Virginia,56540,153.305150,42.8146125
Amy King,25,6558 White Run Apt. 040,Candiceport,Montana,34364,-14.928648,-24.6442075
Ashley Romero,70,6581 Jeffrey Place,East Helenburgh,North Carolina,25536,143.489224,44.072240
Nicholas Jenkins,43,17963 Pena Shoal Apt. 629,West Jeffrey,South Dakota,47152,19.719651,89.1255795
Donna Hogan,41,0890 Parker Key,Coxhaven,Oklahoma,61502,-31.239746,-36.7002715
Kevin Johnson,37,85393 Manuel Plains Suite 060,Shieldsborough,South Dakota,30683,-102.319857,-87.5813155
Phyllis Jackson,76,53296 Melissa Square Suite 596,East Heatherfurt,Utah,67250,-151.713248,26.620476
Benjamin Norton,70,22429 Oliver Court Suite 976,West Christopher,New Mexico,06759,-11.674428,37.221925
Makayla Gaines,63,49925 Richard Ferry,Matthewshire,Alabama,89687,142.774209,-25.2600735
Adam Patton,49,11970 Carol Brook Suite 591,Benjaminview,Virginia,69746,-82.794553,1.717396
Stacey Williams,38,466 Guerrero Lakes,North Danielleborough,New Mexico,15703,-10.942789,8.7863155
Kevin West,50,515 Yolanda Bypass Suite 354,Cookstad,Nebraska,22927,-62.972283,-30.0095195
Glenn Sanchez,55,351 Julia Plaza Apt. 346,Merrittbury,Washington,27191,176.797106,-55.6704815
Olivia Beck,74,2724 Moses Run,Powellberg,Arizona,57806,-116.888911,48.6688345
Michael Paul,76,61403 David Spur Suite 576,South Timothyside,North Carolina,10403,31.669844,83.512637
Amy Wood,80,558 Roberts Valley Apt. 279,Timothyview,Missouri,61005,49.236841,-76.1757765
Monica Strong,31,080 Lewis Keys Suite 256,Lisaton,New Jersey,59310,64.117837,52.797901
Dana Matthews,40,6561 Davis Ports Suite 605,Floresland,Texas,26500,-8.522484,-38.7953925
Emily Nelson,72,61800 Brandon Landing,Martinezberg,Oregon,87012,103.935885,-70.3200405
Erica Harvey,22,74823 Jennifer Wall Apt. 965,Johnburgh,North Carolina,68991,65.764415,-79.0323045
James Lewis,69,41159 Kayla Roads Suite 214,Laurieview,Nevada,27309,1.813122,77.9928015
Aaron Garcia,58,1473 Ramirez Drive,Morganburgh,North Dakota,52671,-142.780195,-18.8011255
Sergio Weber,25,5494 Brown Passage Apt. 656,Gonzalezton,New Jersey,25945,-83.694894,-69.658677
Melissa Doyle,72,4560 Wise Keys Apt. 444,South Christinamouth,New Jersey,49508,-96.905111,-43.492575
Luis Cannon,69,002 Amanda Square,North Brian,Pennsylvania,15536,31.035617,64.6382265
Monica Schneider,57,360 Thomas Creek,Davischester,Missouri,56537,-142.559395,-66.545118
Joseph Cook,23,9408 Butler Via Apt. 263,West Ashleystad,Michigan,36818,51.387080,22.436720
Daniel Sherman,35,4694 Andrew Underpass Suite 499,Montgomerymouth,Mississippi,84510,1.539862,-13.0478155
Cassandra Kemp,51,048 Patrick Prairie,Schwartzport,Ohio,13344,-171.429867,83.262190
Craig Fitzpatrick,55,874 Campbell Island,New Steven,West Virginia,21068,-163.206225,33.371792
Edward Moore,62,934 William Neck Suite 844,Port Timothy,West Virginia,45008,-127.489584,-60.954478
Christopher Morgan,61,79169 Hill Estate Apt. 233,Evansfort,Oklahoma,32260,36.136590,-18.913658
Christopher Jackson,26,83491 Cruz Village,Hayleyborough,Wisconsin,76783,167.513449,-24.7379385
Jennifer Cowan DDS,71,802 Deborah Locks Suite 785,West Joseland,Oregon,52356,74.017457,-82.5136075
Joan Thomas,64,532 Dale Junction,Longchester,Utah,93323,81.723148,55.9337335
Emma Harrison,35,7469 Flynn Cliff Apt. 972,Emilymouth,Missouri,31716,102.744759,-72.8049025
Erik Durham,78,439 James Curve,East Kimberlyfurt,Wisconsin,85026,-98.209835,11.921876
Chad Nelson,30,35418 Mark Lakes Apt. 666,Ryanstad,Hawaii,01177,-93.334895,-77.4212595
Wesley Benjamin,57,518 Brown Bridge,Sheaton,Indiana,91621,95.311444,19.6184685
Stacey Johnson,72,508 Sanchez Park Suite 729,Smithfurt,Minnesota,95075,-124.542572,87.206146
Julia Macdonald,59,0044 Armstrong Loaf,Andrewbury,Hawaii,06381,-109.618574,18.7370185
Eric Collins,22,7185 Wolfe Ways Apt. 717,Christinahaven,Louisiana,02628,-2.524466,81.3843035
Shane Adams,48,25583 Veronica Greens Suite 581,Nicoleburgh,Kansas,64178,-12.651589,-86.6058665
Morgan Hendricks,59,1929 Michelle Ways Apt. 857,New Megan,Virginia,47399,105.958719,33.160060
Scott Gonzales,39,12113 Adam Motorway,West Valerieland,West Virginia,22564,-117.922449,32.909283
Jonathan Dawson,69,82271 Lisa Loaf Suite 630,West Michelle,Wisconsin,09468,112.158759,78.858526
Kimberly Acosta,21,565 Heather Mill,Lake Alison,Utah,06027,-129.425389,-41.520988
Marcus Cooper,30,749 Jennifer Divide Apt. 511,Williamsfort,New York,69003,34.145042,34.714568
Melanie Burton,69,681 Jessica Crossroad,New Faithland,New Hampshire,42477,-62.938582,84.107969
Daisy Nelson,31,81818 West Island,Tinaberg,New Mexico,17116,-86.542086,-63.894503
Robert Torres,56,3125 Sanchez Views Apt. 760,Port Jeffrey,Louisiana,97774,-148.491664,16.529217
Edwin Holmes MD,40,01175 Holder Orchard,Lopezbury,Tennessee,43307,-20.388626,86.6264125
Corey Evans,69,7551 Anna Squares Apt. 156,New Taylormouth,Pennsylvania,96108,-159.311290,87.7875735
Shannon Davis,48,027 Jensen Harbors Apt. 107,Paulaburgh,Kansas,11221,-162.501590,-7.5125405
David Fields,33,9060 Smith Fords,Rodriguezberg,Kentucky,44873,-127.504296,68.976728
Paul Johnson,25,215 Tucker Freeway,New Alexis,North Dakota,28586,149.314916,-18.609764
Donna Carr,64,3477 Myers Burgs,East Michaelside,South Carolina,19988,-64.955374,71.3641635
Felicia Grant,37,996 Carroll Ports Suite 898,North David,Oklahoma,19676,-129.610725,-53.950693
Brian Mitchell,62,4251 Horton Pass Apt. 275,Petermouth,Hawaii,63531,-8.467760,12.756455
Jeffery Colon,44,26260 Matthew Views Apt. 122,Michelleberg,Connecticut,03962,-92.757621,-70.0394715
Sharon Houston,20,4246 Cody Coves,New Anthony,Maine,27508,-145.232315,18.629109
Heidi Smith,73,863 Martin Stravenue Apt. 667,Port Baileymouth,Idaho,77470,-22.901465,24.368605
Shawn Jones,47,0454 Michael Mountain,South Christopherside,Mississippi,21919,83.562212,52.6125025
Derek Hicks,62,254 Daniel Spring,Johnsonton,Illinois,72566,-77.046524,-41.641190
Jackson Wang,72,8541 Wright Fords Suite 727,Williamland,Louisiana,21027,-157.567794,25.8661595
April Elliott,41,08062 Diaz Turnpike,North Johnton,Iowa,14306,19.931543,76.595313
Michael Shaw,47,381 Smith Plains Apt. 256,North Daniel,South Dakota,50139,63.108322,-76.7078105
Gregory Black,60,13329 Jesse Vista Apt. 954,Hurstside,Virginia,77206,-15.384280,55.143245
Donna Gentry,21,804 Jared Ville Apt. 297,North Jennifershire,Utah,21750,47.099886,-89.013579
Rachel Bass,70,4470 Mark Mill Apt. 156,Lake Nicole,Alabama,96512,119.054062,89.745678
Annette Baxter,27,830 Wilson Square Suite 453,South Karen,Alaska,44143,-66.392820,34.667220
Teresa Petersen,79,725 Johnson Ways Suite 945,Lake Ann,Georgia,24399,144.081618,-84.4499935
Felicia Cook,58,54323 Lindsey Viaduct Apt. 434,Bookerfort,New Mexico,08544,52.162812,-68.435998
Lisa Reid,68,59789 Jackson Hollow,Hannahton,Alabama,28757,-129.435362,-48.3627835
Kevin Campos,30,445 Odom Hills Suite 109,Jesseburgh,Oregon,29283,-129.870184,-50.286340
Isaiah Anderson,44,812 Gonzales Lane Apt. 910,Lake Nancyborough,Indiana,71381,169.448632,-43.9545605
Carla Rodriguez,47,9052 Clayton Locks Suite 233,North Josephview,Pennsylvania,63855,139.786724,-52.269731
Gregory May,60,09647 Good Spring Apt. 012,Johnsonborough,Ohio,87136,-112.227144,74.3275345
Anthony Montes,61,6938 David Villages Apt. 893,New Chelsey,Nevada,39364,-37.729591,75.111573
Anthony Myers,29,84460 Eric Manors Apt. 536,Port Emily,Nebraska,54650,133.758151,38.5802085
Sue Sanchez,23,7535 David Avenue Apt. 604,North Robert,Nevada,69801,-116.843066,-42.8448095
Tammy Nguyen,26,56274 Beth Mountains Apt. 211,Phillipsborough,Colorado,33815,-179.855677,-64.905871
Robin Carpenter,44,0626 Kristine Island,North Regina,Idaho,20222,-2.261630,16.0295635
James House,74,28477 Regina Haven,New Dylanview,Utah,13390,-95.260610,48.854006
Edward Joseph,40,5383 Booker Streets,Timothymouth,Wyoming,74769,-144.491719,60.773131
Jesus Sharp,72,9452 Rojas Point Apt. 139,Craigport,Arkansas,39058,58.336347,78.6460685
Melissa Stevens,41,1888 Bruce Junctions Apt. 768,Deniseland,Nevada,35081,14.475505,12.547999
Lisa Hudson,59,55661 Farrell Knolls Apt. 106,East Danashire,Tennessee,97187,-109.504410,-38.8476125
David Watson,66,6964 Jones Street,Cohenmouth,Alabama,21993,-149.157646,-74.541996
Frank Lewis,31,9885 Debra Shore Suite 850,Tuckermouth,Connecticut,33904,16.216282,22.480649
Randall York,54,0951 Sanchez Bypass,North Adriana,Kentucky,86712,51.360174,48.6763435
Ronald Hunt,68,0281 Mary Estate,Curtisbury,Ohio,28286,168.779725,75.074689
Julie Munoz,42,391 Stephanie Forge,Jacksonhaven,Utah,09231,60.412154,34.863572
Richard Terrell,72,3164 Taylor Expressway,East Stevetown,Mississippi,23912,-69.286991,-41.5871115
Angela Payne,39,0837 Davis Orchard,Burnettmouth,Rhode Island,88942,-32.486207,-54.7224455
Hannah Parrish,80,17415 Michael Vista Suite 079,Lake Davidburgh,Louisiana,64664,42.577425,21.2431185
Kristy Shea,50,7900 Hancock Stravenue,Lake Jacob,New Jersey,59408,-16.051130,75.5690925
Aaron Williams,43,6460 Vickie Path Suite 955,Davisside,Minnesota,17020,-176.472524,14.0762795
James Padilla,53,943 Luna Squares Apt. 418,Lake Kristin,Georgia,62097,14.074705,-68.856327
Anthony King,57,3196 Gomez Haven Suite 297,New Ashleyside,New Jersey,90649,156.613129,29.856516
Richard Fowler,78,97679 Angela Mountain Suite 346,Michaelmouth,Arizona,15836,-47.799954,74.7923045
Richard Huynh,41,251 Morgan Summit Apt. 777,Lake Elizabethton,New Hampshire,31011,-31.875203,-84.066205
Amy Thornton,80,6971 Kristin Camp Suite 731,West Dominic,Indiana,37359,153.672303,-76.6568715
James Williams,51,3332 Green Forks,Wareport,Michigan,36232,-95.961632,-53.1707925
Alexandria Kline,48,016 Todd Square,North Tinaland,Nebraska,30188,142.171200,20.7075855
Lori Ingram,51,54644 Ross Forges Apt. 984,New Carol,North Dakota,78669,116.374947,-2.507695
Patrick Scott,65,262 David Mall Suite 632,East Melvin,Arizona,17697,94.860219,46.2026595
Sarah Thompson,34,617 Alfred Mews Apt. 897,Port Henryborough,Massachusetts,98644,104.085160,-83.5865325
Brittany Bates,74,35675 Johnson Mills,West James,Delaware,35396,179.986916,48.9837805
Jerry Martin,30,111 Justin Shore Suite 121,Millerland,Wyoming,12436,81.649606,24.686287
Mark Gregory,47,787 Thomas Flats Apt. 470,South Janiceborough,Louisiana,17051,-137.316234,51.8392885
Robert Lin,76,7109 Lori Courts Suite 033,South Jeffreytown,Maryland,47764,-173.518969,-32.429237
Sandy Bailey,24,342 Kristen Street,Erikastad,New Jersey,04811,151.943083,-54.907230
Mr. Christian Mcintyre,22,633 Rachel Roads Suite 285,Thomaston,New Hampshire,34875,-98.883485,38.431590
Brian Guzman,46,460 Kimberly Pike,East Michael,Massachusetts,32852,38.719166,-52.2369065
Meredith Gonzalez,23,168 Bowen Hollow,West Leslieshire,Mississippi,70378,-27.443363,-55.4163635
Kimberly Wright,42,86732 Mary Courts Apt. 400,West Donaldberg,Nebraska,91586,60.207660,-32.331673
Brittany Leonard,27,390 William Lakes,Turnerport,Rhode Island,88325,49.710544,-14.3270985
Benjamin Walker,47,306 Philip Landing Apt. 343,Davidville,Maine,36525,53.035133,-20.7906355
Patty Holloway,47,2963 Allen Extensions Suite 355,Michaelton,South Carolina,09905,-89.005384,20.416834
Jacqueline Miles,46,91408 Bradley Locks,New Victoriafort,Alaska,55445,-126.929419,-4.8454925
April Johnson,21,96193 Greer Flat Suite 288,East Elizabethton,Iowa,26720,46.794922,35.976231
Brittney Leonard,73,01160 Oconnell Bypass,Travisland,Rhode Island,80293,157.837365,11.4200385
Destiny Tyler,73,29358 Davis Street Apt. 860,East Daniel,Arizona,04256,-58.310641,88.660397
Matthew Malone,53,71022 Howard Junctions Apt. 695,Webermouth,New Mexico,12458,105.765634,-43.0199765
Lorraine Pierce,45,342 Fields Curve,Changstad,New Mexico,47443,-76.055099,73.933389
Jasmine Clayton,55,0549 Stephanie Estates Apt. 956,Lisastad,North Carolina,70467,105.807860,68.8929095
Emma Watkins,58,94214 Mary Mission Suite 656,Byrdborough,Georgia,50978,-22.132428,25.391795
Taylor House,55,393 Julie Bridge,Perezhaven,Kansas,20479,126.682083,40.1749165
Lisa Hall,30,226 Edwards Lake,Nortonland,Hawaii,87401,137.212238,-64.5039125
Teresa Williams,32,069 Vasquez Knolls Apt. 952,East Abigail,California,85682,-54.158498,60.711258
Rachel Phillips,38,42390 Amanda Divide Apt. 443,Lake Aaron,Alabama,15019,118.514008,88.6315155
Gregory Allen,57,12302 Evans Ville Apt. 089,Nicholasshire,Minnesota,75206,-149.844353,14.8417955
John Keith,38,39566 Peters Throughway,Lake Robert,Illinois,14930,137.080410,69.545717
Anthony Smith,76,6987 Kennedy Ranch,New Richardfurt,New Jersey,58352,62.436241,-57.329991
Jennifer Evans,74,86496 Sarah Crossing,Nicholasmouth,Vermont,52482,-14.609207,73.5103065
William Fleming,79,771 Amanda Cliff Apt. 518,Gonzalezton,Louisiana,22502,-143.195750,-43.8850115
Amanda Edwards,46,3295 Meghan Pike,Rodriguezfurt,Idaho,33563,-63.498126,-86.4068925
Deborah Taylor,29,703 Kimberly Spurs Apt. 911,Smithfort,Idaho,12497,95.875220,32.863733
Stacy Simon,47,437 Mercer Orchard Suite 265,Cochranborough,North Dakota,08212,87.786983,28.7128375
Cody Simpson,28,39573 Meyer Fort,Gregoryton,Wisconsin,45287,109.136854,-64.119331
Alicia Brown,74,491 Rodgers Corners,West Christopherton,Massachusetts,60457,-165.072456,-45.363863
Katherine Norton,51,007 Stephen Ports Apt. 625,South Gerald,North Dakota,62821,-10.108662,22.0427315
Sarah Walker,67,99473 Wheeler Camp Apt. 854,Clarkshire,Texas,20937,-112.156786,-66.4182225
Cassandra French,49,0060 Michael Fork,Port Caitlin,Alabama,47865,123.416312,-7.600428
Natalie Ramirez,28,064 Bailey Mountain Apt. 066,Port Marthaborough,Arkansas,83987,-176.836325,-30.9903295
Joseph Cross,32,554 Wilkerson Mission,East Jonathan,Tennessee,50520,149.010425,-48.845766
Joseph Taylor,56,6905 Kramer Ridge,North James,Connecticut,08512,108.253927,-20.9581665
Cody Williams,23,0207 Berry Forest,Garciafurt,Nebraska,38662,98.946344,-67.059084
Cody Robertson,18,6387 Mike Squares,South Amanda,New Hampshire,43349,-140.163842,49.481532
Christian Harvey,20,1938 Amanda Roads,North Jamieside,Florida,25806,-17.275526,89.950450
Tiffany Lopez,30,146 Stewart Haven Suite 518,North Jimmychester,Alaska,46056,74.129830,62.2084835
Gloria Mccarty,73,9627 Williams Pine,Valerieton,Arkansas,60863,23.362157,53.661052
Sarah Avila,61,0169 Michelle Coves Suite 390,Luceromouth,Connecticut,65984,130.907185,24.253207
Duane Davis,66,774 Mccarthy Skyway Suite 677,New Kimberly,Louisiana,75162,9.921319,56.1477175
Melvin Owen,29,995 Antonio Plain,Gillmouth,Oregon,12802,-144.922920,-0.7816025
Jacob Ray,39,70623 Williams Rapid Apt. 462,Lake Kelseymouth,Missouri,76822,27.602158,-33.2819625
Rebecca Lewis,21,8122 Hebert Mall Apt. 703,East Michaelville,Illinois,51097,168.624815,41.898689
Brooke Conway,68,2923 Lynch Roads,South Alexiston,Vermont,88828,56.715130,-9.211267
Kevin Osborn,49,387 Fernandez Harbors,Hoffmanberg,New Hampshire,63239,-169.056538,18.5473715
Joshua Zimmerman,29,9564 Eric Inlet,Benjaminton,Ohio,55310,-160.238031,80.7853685
Anthony Scott,46,93154 Sanchez Fort Suite 229,Shawnshire,Nevada,95846,-173.113039,-49.667051
Zachary Pierce,27,1297 Knight Rapid Apt. 830,Santiagoton,South Carolina,04988,90.954904,65.1617535
Kristina Cole,26,9070 Gonzalez Squares Apt. 568,Jontown,Kansas,88871,-58.729819,-36.2150595
Melissa Lambert,20,70264 Stewart Crossing,Port Rebeccabury,Oregon,54822,-82.690318,76.412899
Sean Miller,73,2046 Michael Parkways,Sydneyborough,Mississippi,03821,1.330656,33.0135505
Samantha Jackson,59,5807 Carlos Neck,South Robert,Georgia,47727,11.686933,8.128538
Julia Richardson,28,784 Stephens Center Apt. 901,Christianborough,Wyoming,57027,30.336999,-53.8344395
Robert Gordon,36,1262 Kathryn Course Suite 753,Lake Roberta,Utah,35042,-168.777828,69.4311425
Jared Berry,77,834 Daniel Causeway,East Richard,Colorado,49000,-140.567585,56.050273
Robert Mcbride,34,54436 Mcknight Burg Suite 404,South Joseph,Missouri,15358,-142.034738,12.482863
Jasmine Campbell,74,04095 Powell Drive Apt. 911,Wellsfurt,Washington,45457,-167.308271,38.0230905
Richard Jimenez,30,783 Campos Landing Suite 972,Grossland,Pennsylvania,91692,46.544455,-12.323041
Joseph Weeks,76,606 Miller Crest,West Taylorfurt,South Carolina,19500,77.176408,-4.534711
Heather Matthews MD,39,379 Shepherd Key,Juliaton,Montana,04161,-51.998076,22.516608
Dylan Woods,31,46459 Kimberly Row,Lindafort,Georgia,91234,3.703220,-13.2398365
Carl Young,67,9264 Taylor Meadow Apt. 936,East Codystad,North Dakota,77014,133.512355,71.7861425
Cindy Powell,23,3021 Kristine Path,South Laura,Utah,83680,174.543493,8.8411045
Brian Duran,78,757 Lori Mount,New Michaelfurt,North Carolina,37761,71.801108,53.554936
Faith Mcgee,30,01320 Mckay Lodge Apt. 285,Morenofurt,Idaho,66880,163.955444,61.145523
Laurie Mejia,36,46992 Parker Mountains,West Brandonburgh,Oregon,76877,-37.828828,-81.820525
Linda Perez,18,55284 Gallagher Green Suite 176,Stephaniechester,Idaho,25905,-33.234141,74.649333
Anthony Love,42,66766 Brittney Divide,East Julietown,Alabama,31512,74.525419,-9.741620
Ronald Nichols,49,02162 Rose Motorway,Hernandezhaven,Tennessee,58163,49.033667,-34.1923325
Denise Brown,25,797 Sarah Centers Apt. 522,Christophermouth,California,11991,148.734672,-41.4383045
Evan Harrison MD,24,833 Richard Plaza Suite 659,South Danielmouth,Missouri,59819,30.473179,46.3960675
Lori Mills,39,86465 Snyder Common,Wilsonbury,Ohio,53940,-146.861592,-5.473620
Cody Hart,28,75667 Jacqueline Lodge,Denisechester,Wisconsin,19068,98.526747,78.766215
Aaron Brown,34,60427 Joshua Shore,North Mary,Minnesota,92781,-12.478510,-35.1276925
Stephen Acosta,62,816 Dana Heights Apt. 274,Michelleside,New Jersey,11456,112.482816,63.367661
Eric Carter,62,709 Christensen Points,Palmerfurt,Illinois,28611,14.928229,-64.491139
Desiree Martin,33,598 April Canyon,South William,Utah,67078,-152.475732,-17.737809
Robert Hayes,20,21426 Richard Roads Suite 139,Greenstad,Iowa,58880,-94.252258,34.450129
Nicole Jenkins,56,46756 Susan Cliff Apt. 928,Duranbury,Hawaii,56527,-174.258149,48.395646
Julie Garcia,39,78248 Stephanie Shore,Lake Bryanberg,New Jersey,29206,162.472362,-69.866902
Erika Fuller,70,7490 Kelly Forks,Dawnport,South Carolina,59855,-32.538670,31.821410
Daniel Hernandez,49,5609 Sanchez Neck,Williamsburgh,Alabama,55057,120.148146,17.2149345
Benjamin Gray,59,1454 Kevin Drive Apt. 884,Timothyfort,New Mexico,82755,169.292273,-31.2761085
Jessica Hall,51,62642 Rich Mill Suite 505,Port Susanside,South Carolina,40127,-56.708648,53.802471
Lori Stokes,57,851 Brianna Lakes Apt. 152,Thompsontown,Colorado,56415,-47.335706,-49.617833
Bryan Gould,77,38991 Laurie Route Apt. 348,Rogersmouth,Kansas,90110,-110.551015,-54.294018
Christina Gonzalez,23,951 Branch Roads Apt. 421,East Timothystad,Alabama,21247,-152.185675,25.822665
Eric Perez,54,398 Ford Locks,Guerrerochester,Montana,45325,105.879366,53.455778
Kevin Brown,23,49864 Hughes Highway,Port Jacobfort,North Carolina,06257,-82.086067,67.3402295
Sarah Reese,63,328 Erika Valley Suite 660,New Brandon,Minnesota,47196,-158.989595,3.8083285
Kelsey Martinez,79,0222 Jasmin Landing Suite 269,East Morgan,Minnesota,47882,146.500419,-1.431580
Dr. Amanda Wall DVM,66,8630 Timothy Shore,East Angela,New Mexico,38404,-160.470485,40.8480265
Brooke Anderson,31,751 Stephen Drives,Shannonview,New York,26215,116.605635,-57.5368015
Monica Ortega,37,58801 Cindy Hollow,Wendyfort,Pennsylvania,96266,-171.628569,-18.0819945
Evelyn Rodriguez,23,3251 Villa Springs Suite 650,Jonesfort,Iowa,65856,101.321306,60.4001255
Leah Barnes,42,895 David Brooks Suite 862,Lisatown,New Mexico,57413,-5.620923,-85.5232625
Joshua Anderson,35,161 Cox Pines,Montgomerytown,Washington,92530,-160.583816,-78.6878305
Lucas Mullen,65,4262 Jackson Plains Suite 086,North Paul,Maryland,27529,105.563344,38.428602
David Huff,70,53292 Jones Brooks Suite 965,Flemingberg,New Jersey,11212,125.585127,-78.015107
Angela Hunter,19,369 Johnson Lights Apt. 506,Wrightside,Alabama,15920,102.151183,34.1851755
Charles Figueroa,44,9710 Kenneth Rue Suite 532,East John,North Carolina,44652,-157.687460,5.6409505
Emily King,40,31169 West Landing Suite 149,Brownmouth,Michigan,88797,92.543186,-21.143860
Crystal Perez,74,5650 Burke Fork,Joshuaport,North Dakota,17302,-98.091959,21.989631
Brittany Carpenter,33,283 Lee Vista,Mclaughlinfort,Missouri,66864,18.333799,3.847869
Alyssa Higgins,59,1105 Dougherty Mountain,Port Jimbury,South Carolina,15071,-130.358857,85.7041415
Greg Smith,49,9151 Heather Crest,Port Ryan,New Mexico,38606,9.962911,-43.2804405
Michael Owens,67,012 Lambert Lake,East Stephanie,Georgia,61586,151.042893,-66.039476
Heather Fernandez,72,779 Carolyn Camp Suite 852,New Cynthiahaven,Oregon,32453,-57.555257,36.954022
Donna Wood,62,92329 Wallace Brook,Melodyland,Texas,04824,29.333303,-10.3576615
Eric Allen,80,03127 Matthew Viaduct Apt. 544,North Kylemouth,New Jersey,80981,99.116521,-32.204467
Kelsey Carrillo,55,6524 Robert Course,Daisystad,Wyoming,20060,-132.545636,-12.4390895
Brandy Henderson DVM,54,538 Meyers Underpass,Stevenhaven,New Mexico,32598,-14.033602,68.9558605
Brittany Singh,63,9108 Vang Plaza,Greenfurt,New Mexico,04807,-165.469588,25.545533
Loretta Valdez,39,97823 Coleman Pike,New Stevenfurt,Nebraska,17211,173.403051,-22.8551755
Stanley West,66,5620 Knight Common,Randyland,Kansas,65905,-108.859460,-75.5576685
Thomas Carr,68,07971 Michael Court Suite 778,Port Larrytown,Indiana,56766,-157.640953,-39.340667
Brian Garner,76,416 Delgado Mission,Seanborough,Ohio,77987,7.508192,86.312930
Melissa Meyer,28,138 Meredith Meadows,Port Margaret,New Hampshire,66796,46.060295,-11.216270
Amanda Hopkins,27,47984 Stacy Cliffs,Stokesshire,Mississippi,07984,157.790241,76.427636
Shannon Aguirre,51,56767 Carr Brook Suite 515,Wilsonstad,North Dakota,13252,-66.002185,43.576601
Sheryl Ayala,60,1901 Barnett Junctions Apt. 382,Lake Rodney,Hawaii,88572,32.639406,62.9125645
Bruce Richardson,24,19697 Mary Estates Suite 657,Neilville,Kansas,70630,-34.000059,-6.295668
Brittany Bridges,53,8890 Mendoza Forge,North Emily,Utah,79563,175.059948,-34.4024485
Alisha Perry,26,0961 Lee Burg,Port Lori,Idaho,26644,-8.792998,-75.698142
Kevin Vaughn,54,79161 Harris Forest Suite 535,Stephensfort,Louisiana,32220,-31.836587,-44.8395225
Johnathan Phillips MD,24,96847 Hopkins Run,Riverashire,Iowa,11779,104.893883,57.708724
Carol Walters,25,833 Walker Pass Apt. 013,West Keith,South Carolina,05585,78.997891,-26.2768585
David Jones,45,388 Williamson Cape Suite 860,Callahanville,Alabama,32067,-98.720160,-82.5482135
Anthony Oneill,37,6023 Justin Motorway,North Ryanmouth,Maryland,21817,112.077164,-76.024553
Michelle Ramirez,55,7778 Johnny Knoll,New Samuelborough,New York,29143,-73.438185,84.0481905
Brianna Massey,46,1524 Roberts Estate,North Robinside,Ohio,64705,-159.585044,-17.235846
Juan Reeves,22,8704 Mitchell Streets,Kaylafort,New Hampshire,47438,-80.142639,-6.2545105
Andres Nelson,56,92236 Welch Run Suite 330,Port Anthonyburgh,Rhode Island,96108,-15.078144,-1.7530165
Natalie Cohen,72,7844 Spence Field Suite 345,South Warren,Kentucky,14765,-101.287473,-23.7513385
Roy Torres,43,181 Vargas Island,West Lisa,Wyoming,08597,134.035693,73.1382085
Heather Shaw,64,152 James Light Apt. 176,Lauratown,New Jersey,36514,-138.894611,-67.694126
Nicholas Cooper,59,56122 Dominique Burg Apt. 285,Port Eric,Texas,47076,-46.913028,-85.9897845
Joseph Quinn,23,71357 Jacob Square,West Billy,North Dakota,09071,146.641870,44.3035495
Howard Washington,50,3193 Joel Lakes,Lambview,Colorado,47156,168.067877,88.3928575
Elizabeth Fischer,46,3762 Smith Forges Apt. 862,Jenniferside,New Mexico,62804,-130.122630,65.4024025
Brian Harris,49,96953 Edward Gateway,Wiseberg,Idaho,37908,-117.191124,67.343110
Eric Jones,56,354 Randy Isle Suite 578,Beckychester,Oregon,91981,-145.627100,32.483402
Martin Hall,66,42727 Page Rapids,Williamsfort,Mississippi,07299,143.522477,42.5561735
Cynthia Hicks,64,2074 Alejandro Camp Apt. 933,East Anna,Colorado,75143,-35.349973,75.6218165
Keith Sanders,73,835 Gabriela Prairie Apt. 958,New Mckenzie,Arkansas,91552,-17.989775,25.9979785
Kayla Kirk,57,836 Hughes Track Suite 021,Port Anthonyton,Wisconsin,19378,-172.879348,50.2181315
Kenneth Dudley,78,24098 Rodriguez Underpass Apt. 230,Swansonville,North Carolina,31620,-44.202532,34.6157365
Eugene Bailey,45,13934 Crawford Mountains Suite 503,Mayshire,South Dakota,39830,75.942792,56.260521
Keith Martinez,32,42376 Pearson Fork Suite 092,East John,Alaska,91259,-170.010887,-13.752947
Anne Clark,24,210 Brown Bridge Suite 037,Craigborough,Indiana,66812,21.574181,-75.656925
Amanda Mcbride,54,452 Erickson Ford Suite 193,Castromouth,Massachusetts,42858,-165.886331,-5.991497
Ryan Graham,36,9294 Jesus Pine,Lake Lance,Washington,08906,-34.218997,-71.578191
Andrea Case,45,958 Austin Gateway,Lake Marissaville,Hawaii,47600,72.631243,-81.909704
Natalie Carr,71,4492 Smith Well,Evanschester,Delaware,13247,-76.037258,-79.932973
Marcus Parker,78,29630 Michelle Oval,Meyersborough,Oklahoma,70659,134.589535,43.5327505
Anthony Duncan,32,36298 Evans Villages,Johnsonfort,Montana,59130,118.249925,-62.227677
Joshua Gonzales,79,992 David Drives Suite 222,East Anthonystad,New Hampshire,61823,-143.097101,-41.151754
Olivia Ramirez,61,24405 Jason Station,Thompsonstad,Vermont,57614,104.843331,27.2237335
Justin Bruce,70,176 Carol Park Suite 783,West Robertshire,Missouri,89408,-26.870390,21.3707615
Rebecca Meyer,32,5613 Merritt Mill Suite 764,Ashleyberg,North Carolina,54271,-93.389125,-2.5562835
Kristin Gonzalez,47,420 Williams Island Suite 640,Hooverchester,Louisiana,05088,11.171585,44.181630
Patricia Bailey,69,620 Kristina Shoal Suite 498,Marktown,Oregon,51945,52.822288,19.107454
John Diaz,80,63780 Perry Ranch,Barnesfurt,Connecticut,26549,114.861557,-58.125957
Pamela Patton,24,9317 Higgins Harbor Suite 840,Port Randyton,Minnesota,48964,-119.932658,3.195622
Stephanie Sanchez,78,6267 Daniel Grove Apt. 280,Port Aprilhaven,Idaho,26266,51.075872,48.6798175
Kathryn Anderson,80,492 Don Meadows,East Sarah,Georgia,96616,-36.551647,-4.512642
Bill Armstrong,24,171 Tammy Well Suite 287,East Michaelberg,Wyoming,62844,-94.042353,-72.157987
Tammy Ramirez,19,804 Meadows Valley,Gonzalezhaven,Indiana,38933,-161.005056,-6.589599
William Figueroa,71,03026 Regina Junction,West Michaelfurt,South Dakota,70531,-94.977094,-14.173890
Allison Jackson,42,634 Shelton Passage,West Lisa,Massachusetts,88209,-143.931918,-14.2157645
Mark Kennedy,58,24353 Martin Landing Suite 007,Buchananville,Alaska,09928,-160.792016,24.665639
Derrick Parrish,43,69097 Potter Cape,South Jennifermouth,Nevada,46456,-59.160065,-23.2605715
Scott Floyd,23,3700 Wendy Valleys,Garytown,Utah,73601,22.266625,-6.7526585
Jacqueline Riley,36,1215 Marshall Port Apt. 479,Port Derekborough,Connecticut,24850,-64.890117,61.5660455
Kristin Gardner,66,6140 Kristina Manors Suite 245,Port Timothy,Michigan,91767,-168.602193,-8.6867675
Kayla Ross,49,729 Hester Plains Apt. 865,Jamestown,Connecticut,75273,177.299619,11.764630
John Glover,39,75735 Smith Shoal Suite 249,Port Trevormouth,Texas,13536,88.324292,-70.3397915
Mark Rodriguez Jr.,64,3582 Erickson Key,North Jacqueline,Ohio,19838,14.063753,-43.5970025
Kelli Long,49,7339 Brady Locks Apt. 750,New Cynthia,Virginia,39127,120.076060,-67.8779245
Michael Mcmillan,63,812 Mark Stream Apt. 919,Lake Christopherstad,Mississippi,10444,-167.396010,-56.7322565
Jessica Green,73,018 Richard Track Apt. 716,Michaelchester,Tennessee,20560,-45.783441,50.030056
Yvonne Key,45,06379 Breanna Mission Apt. 252,South Kara,Connecticut,54042,-67.547047,-20.4176685
Lisa Hamilton,61,275 Barnett Mill Suite 956,West Angel,Oregon,39400,108.330691,-66.1077485
Gary Pope,37,4845 Angela Field Suite 343,North Laura,South Dakota,81260,56.545137,56.687066
Debra Cruz,51,8854 James Forks Suite 776,Amandaburgh,Alabama,97377,17.162318,-10.4633145
Rachel Norris,22,4136 Long Prairie Apt. 224,South Rebeccaton,Kentucky,23343,70.194595,48.6498405
Manuel Wilkerson,18,535 Ricky Fields,Wardport,Louisiana,18653,74.234131,46.963182
Abigail Hill,26,131 Olivia Trace Suite 742,Huangton,Arkansas,62814,-171.724257,-19.6200215
Brandy Weber,49,8042 Scott Flat,Munozhaven,Vermont,82812,136.594857,76.527204
Tina Martin,77,76961 James Fields,West Franklinburgh,Rhode Island,60155,104.325080,89.873403
Cindy George,27,7736 Natalie Plaza Apt. 428,Nicoleview,New Jersey,12734,-164.204010,57.611589
Tamara Powell,32,584 William Mission Suite 871,Jenniferland,Idaho,93485,51.314861,-49.1295225
Janet Gomez,65,8774 Neil Key,Carterfort,California,71454,178.317710,-4.9623775
Allison Reyes,22,5000 Spears Cliff,Lake Andrea,Virginia,25987,-129.067897,-48.9003565
Christopher Phelps,76,539 Gordon Branch Apt. 698,South Martha,Hawaii,07381,-146.034099,-40.9453785
Chloe Jimenez,76,44546 Parrish Curve,Snyderburgh,Rhode Island,43186,103.533140,-56.300763
Alexander Turner,27,4556 Tracy Fields,Nixonmouth,Indiana,57729,153.438033,21.115493
Julie Tanner,69,1304 Brown Shoals,Grahamside,Louisiana,50301,143.455451,-66.3373405
Carla Miller,53,079 Stephen Point Suite 799,New Kristen,South Dakota,58920,-118.403650,43.076166
Mr. Frank Stephens,53,819 Jones Centers Apt. 046,Melendezfort,Nebraska,96008,166.759600,79.690296
Bryan Nunez,35,109 Burns Spurs Suite 414,North Erica,North Carolina,74895,-142.093998,-45.512084
Morgan White,36,31293 Malone Union Suite 907,Noahtown,California,57281,-69.093958,-51.5511275
Michael Taylor,58,83016 Martinez Mount,Benjaminmouth,West Virginia,93826,-82.902945,38.7538205
April Donovan,80,95278 Jeffrey Motorway Suite 463,Saunderston,West Virginia,10442,-24.639625,-12.138639
George Garrett,49,62605 Lopez Light,East Travis,Hawaii,27779,52.653239,45.8956775
Jason Sullivan DDS,68,8799 Gomez Square,West Laura,South Carolina,46001,38.736274,11.681280
Paul Perkins,51,39051 Jody Row,Wrightport,Ohio,48795,-64.356351,-78.9971375
Joseph Murphy,73,871 Harding Mews,Clarkview,Wyoming,62571,-165.161414,-64.9850575
Daniel White,39,9796 Kristina Plains,Lake Paul,Washington,88342,137.233479,11.411712
Michelle Sanders,48,2003 Brian Islands,Lake Matthewton,Wisconsin,90054,-132.095010,52.7829215
Whitney Hoffman,40,762 Sherri Groves,Cunninghambury,Hawaii,25628,-66.872864,-6.8155635
Deborah Wilson,76,97514 Clark Field,Lake Debra,Massachusetts,59080,-149.896851,-75.9537965
James Richardson,59,6206 Hernandez Bridge Apt. 161,Richardsborough,Hawaii,46740,104.065860,84.9287505
Robert Montes,18,2500 Campos Grove Suite 337,East Tammy,Delaware,46364,-128.456273,50.3292755
Jessica Nguyen,60,4874 Rebecca Stream,West Stephanie,Michigan,73406,104.616145,-65.3087745
Laura Martin,44,92710 Tammy Common Suite 090,Ruizborough,Texas,38065,39.561969,-17.7949595
Richard Rodriguez,21,262 Williams Squares,East Robertshire,Indiana,30885,117.130397,-22.215697
Tracy Dillon,58,37051 Jonathan Overpass Apt. 404,Fitzpatrickmouth,New Jersey,04022,-66.783616,-2.574849
Laura Wade,75,59458 Wilson Circle Apt. 936,New Cory,West Virginia,97151,93.841164,34.269132
Christopher Odonnell PhD,58,0611 Tyler Camp Suite 657,South Kevin,Illinois,53561,40.191314,15.3736885
David Jackson,33,58915 Hampton Greens Suite 776,Michellefort,Louisiana,97793,-176.049530,-50.612831
Donald Rogers,26,4709 Stephenson Gateway Apt. 755,Emilyton,Maryland,70916,-157.623214,-73.0140045
Dan King,68,1506 Manuel Brooks Apt. 489,Roblesside,Nebraska,67478,-155.906817,74.593751
Sharon Horne,63,564 Alison Pine,Edwardbury,Michigan,00707,4.128356,49.4993755
Angela Spears,51,16790 Benjamin Ways Suite 197,West Emilyfort,Ohio,02312,-106.464882,52.2221235
Julie Gonzalez,25,48989 Travis Corners Apt. 151,New Linda,Oklahoma,47467,169.243334,-80.8724625
Misty Brewer,37,78926 Ortega Lane Suite 521,Davisfort,Hawaii,98238,80.852263,-66.8006315
Haley Patel,65,16323 Nicole Ford Suite 396,Lake Russellborough,New York,29303,-38.552928,25.7796075
Stacy Mccarthy,66,195 Wallace Tunnel,Butlerport,Arizona,36797,-67.862919,80.777744
Kenneth Mason,21,55857 Bradley Overpass,Kevinfort,Louisiana,32858,34.657729,37.838976
Andrew Garcia,36,27678 Antonio Branch,Katieberg,Oklahoma,84327,176.315978,-12.947257
Jennifer Johnson,70,87107 Lane Curve Suite 635,North Christina,Utah,91397,151.841768,-63.2011015
Shane Espinoza,30,4458 Nichole Ville,New Katelynbury,South Carolina,07775,-30.911220,-49.9304275
Garrett Hunt,60,0208 Sarah Extension Apt. 446,Masonside,Rhode Island,18725,-41.289745,22.2129655
Kelsey West,28,8877 Pamela Locks,Matthewfort,Tennessee,67482,-128.831989,-86.6253465
Michael Summers,60,51951 Gonzalez Cape Suite 426,Lake Pamelaton,New Hampshire,56210,-22.848872,59.0795115
Michelle Miller,20,270 Angela Inlet,Port Johnnyside,Louisiana,85488,-36.711408,-29.789762
Edgar Smith,39,0816 Johnson Meadow,Michellestad,Nevada,34412,53.051507,51.9278955
Amber York,55,562 Sanchez Valleys,Angelhaven,Texas,14094,49.669118,-17.7313745
Selena Williamson,66,699 Chan Terrace Suite 638,Angelachester,Missouri,14006,85.426201,-6.063214
Alexander Young,35,672 Garcia Squares,New Tonya,Utah,82856,-174.911961,53.076978
Roger Ramirez,73,6782 Kenneth Garden,South Jeffreybury,New Hampshire,59190,118.021355,28.618847
Alan Beck,62,631 Jocelyn Streets Apt. 598,Grayville,Connecticut,98272,48.044896,-66.3926375
Sydney Perry,18,03402 Monica Plain Apt. 152,West Mark,Pennsylvania,34806,136.789515,6.972359
William Vasquez,20,08762 Taylor Center,Graveschester,Georgia,91394,25.274623,19.174777
Tammy Vaughn,62,97088 Castro Villages Apt. 698,Lake Brittany,Washington,23277,99.318938,28.7487095
Robyn Roberts,26,5768 Weaver Hill Apt. 126,New Barbaraville,Florida,73617,-90.594321,40.681880
Kimberly King,55,8995 Little Walk,New Shawnachester,Mississippi,24742,-20.373041,-75.591601
Vanessa Knight,31,6817 Oconnor Mall Suite 024,Kennedyberg,Maryland,94948,54.234962,-72.6398305
Bianca Gaines,57,3398 Wagner Oval Suite 172,North Sarah,Wyoming,09590,-147.468990,62.788764
Ashley Porter,49,34797 Fernando Tunnel Suite 703,Cameronville,Massachusetts,99918,-137.604312,-27.859976
Donna Padilla,63,909 Jose Garden Suite 533,Farrellshire,Indiana,80925,51.349121,-45.536974
Dr. George Jones,74,14476 Chambers Springs,West Susan,Michigan,50883,173.653231,-78.2202195
Kristy Johnson,52,3139 Ana Rapid,Billyborough,Illinois,88201,-32.699388,27.3714725
Wendy Wright,29,184 Smith Dam Apt. 604,Lindsayland,Delaware,74334,-61.830596,77.759789
Kathy Sellers,28,900 Richard Square,Marquezton,Hawaii,97689,8.063962,87.770085
Cassandra Mitchell,19,072 Laura Lights,South Tabithaland,Pennsylvania,74574,-83.163359,-48.9575505
Rhonda Wheeler,55,60090 Mary Ridges,Lindsayburgh,South Carolina,38878,-171.157811,-5.6496895
Samuel Bishop,56,73513 Cheryl Neck Suite 250,Mclaughlinchester,Maine,93655,144.378856,26.191575
Jason Graham,79,32887 Leslie Forks,Boothmouth,Washington,73333,170.527976,86.6656175
Matthew Mills,21,486 Cynthia Lights,West Ryanstad,Nevada,86360,133.064940,30.930692
Tammie Benson,76,15072 Sims Coves Suite 036,South Joannafort,Washington,61140,-89.875166,80.3014245
Paige Watts,31,660 Karen Drive Apt. 657,Richardhaven,Pennsylvania,39335,-91.560774,-16.4844245
Ann Howard,30,811 Margaret Plaza,Thompsonport,Washington,39499,45.596258,-0.853495
Sandra Mendoza,50,024 Brooks Corner,New Jasonstad,Minnesota,18158,-49.036011,69.231775
Gina Estrada,26,59631 Rivera Manor,Lake Jordan,Pennsylvania,59462,8.852976,22.790287
Jennifer Rodriguez,32,1336 Sanchez Expressway Suite 346,North Spencertown,Washington,72919,-135.192180,-15.510832
Andrew Murphy,49,742 Erica Stream Suite 742,Hardyborough,Florida,30520,-87.988707,-39.6345775
Scott Davis,67,145 Crawford River Suite 400,Moniqueview,Mississippi,10944,9.953930,82.910881
Caitlin Ward,34,7491 Erika Falls,New Philipburgh,North Dakota,72004,123.289176,-48.580925
Robert Cummings,33,60005 Graham Pike Suite 720,Bradleymouth,Arizona,31419,21.071290,41.944013
Taylor Miller,55,26189 Evans Corner,Stuartburgh,Maine,25132,101.325757,-34.3409025
David Bishop,53,17706 Black Spurs,West Erica,Massachusetts,87745,23.346156,10.6069775
Michael Mcclure,39,923 Jensen Track Apt. 570,Scottport,Iowa,64062,-149.040105,-89.9309355
Dr. Michael Weaver,21,1941 Mitchell Flat,Hughesland,Washington,06437,172.031462,-71.6650255
Melissa Summers,52,5656 Boyd Springs,Romeroton,North Dakota,83617,132.742675,70.461467
Alyssa Welch,23,6491 Nicole Run,Lake Calvin,Nebraska,13951,98.495176,-1.3908835
Jaclyn Goodman,20,622 Laura Plaza,East Jeffrey,Ohio,81817,121.299958,12.5111045
Anthony Hardy,30,4707 Richard Place Suite 370,Moralesshire,New York,23097,-32.889565,80.7410335
Jason Cabrera,22,2190 Miller Freeway Suite 791,Barreraview,Maine,71855,20.139956,41.353813
Sonia Carter,79,56465 Gallagher Forks,East Michael,Missouri,56679,149.978929,-87.060373
James Murphy,18,8973 Joy Dam Apt. 669,North Michelleton,Vermont,98229,106.029255,-85.272420
Angel Carter,35,70049 James Orchard,Lake Mary,Indiana,71863,-9.103951,-37.280527
Kelly Velazquez,74,802 Meyer Union Apt. 155,Suarezmouth,Montana,27174,177.821357,81.419290
Scott Ray,49,2989 Meghan Circle Suite 482,East Samuel,Vermont,28752,151.382123,52.325495
Jason Jones,41,9426 Galvan Courts Apt. 295,Whiteheadfurt,Tennessee,31374,-170.403733,40.8944515
Ronnie Freeman,40,064 Joseph Land Suite 287,North Jeromeburgh,Pennsylvania,21754,-126.509764,-22.943358
Laura Jensen,64,090 Jackson Pike,South Melissachester,New Jersey,33260,-145.031893,-87.7914155
Andrea Navarro,57,39266 Christina Estate,Kimberlyburgh,Oklahoma,43785,154.392449,-9.695600
Lisa Garcia,67,9263 Sexton Parkways,Ashleymouth,Arizona,84852,-170.445578,79.9802925
Amanda Compton,46,2351 Bowman Squares Apt. 235,Jameston,Missouri,96051,-57.386891,24.8690665
Steven Hamilton,72,3400 Hill Canyon,Lake Robert,Florida,75410,63.704067,68.948483
Michael Long,44,31797 Michelle Trace Apt. 780,Hobbstown,Kansas,76695,61.512417,64.7187205
Courtney Black,28,31803 Marilyn Prairie Suite 192,Sherylmouth,Nevada,44755,-19.753884,-10.360069
Henry Jones MD,48,939 Johnson Flat,West Andrewshire,New Hampshire,59576,-6.554347,-48.4719795
Paul Castro,41,7569 Blake Points Apt. 049,Cunninghamstad,Iowa,65979,43.206539,33.268848
Wanda Williams,70,78228 Scott Greens,Nolanport,Kansas,27687,-44.913121,-19.697534
Diane Miller,79,4437 Alicia Villages,Brownborough,Massachusetts,07810,-93.879270,-48.8323265
Cameron Hanna,28,9829 Brittany Glens,Port Cheryl,North Dakota,60387,117.114712,7.3319085
Danielle Phillips,38,130 Bowen Green Apt. 430,New Gary,Tennessee,88779,-120.920477,77.968103
William Lowery,60,75132 Howell Rue Apt. 270,New Robertmouth,Maryland,78336,94.451479,-69.7349185
Alex Weber,74,4286 Campos Courts,East John,South Carolina,16274,-60.192707,-82.638552
Lisa Rosales,71,41974 Ayers Corner,Nancystad,Virginia,05540,-71.405852,-64.7319025
Rachel Adams,72,22084 Deanna Mountain Apt. 914,South Scottbury,Wisconsin,59115,-95.114327,-34.6005575
Ralph Clark,75,907 Brewer Canyon,Amyborough,New Mexico,61856,-168.472367,-21.0187095
Colton Tran,37,6882 Hunter Trafficway Apt. 754,Malikshire,Mississippi,73095,158.328398,-54.603011
Christopher Wiggins,44,32286 Jonathan Track,South Danastad,Wyoming,78450,82.282795,-32.1788055
Alexis Barton,32,2945 Elizabeth Viaduct Suite 096,Lake Pamelamouth,New York,26723,95.819564,-7.988285
Robert Alvarez,35,5801 Lopez Islands Apt. 802,Melissabury,Georgia,95450,-92.167333,5.413346
Jacob Wu,41,790 Burnett Lodge,South Cynthiabury,Arizona,19178,-155.483691,-78.409287
Angela Bryant,66,3336 Murphy Port,Drakestad,Colorado,01133,-39.206985,-26.877188
Mr. Anthony Hayes,67,720 Steven Radial Suite 519,Williamland,Montana,56507,-138.021927,-34.8247395
Mr. Barry Miller,54,4293 Scott Circles,Lake Nathanview,Pennsylvania,83877,39.772667,66.720641
Christine Carpenter,34,01505 Kevin Street,North Jeanne,South Dakota,00593,-28.696247,35.523378
Theresa Lawrence,37,6774 Patricia Island Suite 077,Erikaport,Ohio,06802,-156.604481,73.3240815
Tanya Craig,35,52987 Kristine Valley,Nathanielland,Pennsylvania,45437,80.410222,-66.6174675
Jessica Nelson,31,26386 Donovan Coves,South Cheryl,Kansas,24334,104.255396,6.644812
Karen Davis,50,74282 Sherri Inlet Suite 048,Josephborough,Tennessee,44831,3.280865,-50.309129
Eric Gibson,21,689 Wilson Falls,East Pamelaview,Oregon,48639,96.931183,47.806295
James Baker,51,842 Fox Dale Suite 139,Port Donaldberg,Pennsylvania,88628,-137.526051,70.3360345
Dr. Zachary Gonzalez,28,99722 Edward Village Apt. 370,Ortegaville,Louisiana,49892,-174.221373,65.5618185
Michael Schultz,34,89041 Ayala Walks,North Jessica,Nevada,02468,29.116568,-17.1664015
Jerry Barton,46,208 Herrera Greens Apt. 317,New Christopherville,North Carolina,89494,-124.777497,13.0163675
Robert Thomas,34,6191 Mitchell Trail Suite 700,South Michaela,Nebraska,95712,-27.806053,56.192371
Stephanie Webster,75,397 Thomas Mews,North Nichole,North Carolina,64896,-130.870254,-75.1729975
Wesley Valdez,31,88584 Janet Freeway,New Glendafurt,Hawaii,73165,145.720076,-32.1375945
Ronald Mack,49,371 Hannah Mall Suite 659,New Thomasmouth,Michigan,87980,109.853941,-51.969584
Kyle Davidson,26,129 Tiffany Gardens,Connortown,Wisconsin,17331,99.580627,85.251365
Donna Martin,48,412 Skinner Centers,North Christineside,Maryland,66468,-3.195125,-46.6244165
Noah West,54,71429 Duran Route Suite 227,Melissaton,Tennessee,77497,114.340653,-47.951726
Yvette Patel,32,03383 Amanda Knolls Suite 364,Johnnyfurt,South Dakota,58234,-132.881699,-67.2371845
Ashley Ward,18,290 Amy Well,Robinsonmouth,Louisiana,84455,84.060591,20.018454
Lisa Davis,25,297 Shaw Crossing,Fisherview,West Virginia,85591,89.212821,81.2360395
Bethany Schneider,20,5633 Katherine Plaza,New Timothyhaven,North Dakota,43958,158.546256,-42.606509
Melissa Torres,59,8477 Carson Junctions,Fishershire,Connecticut,91054,18.096718,-85.643108
Mary Roberts,27,09525 Laura Extension Suite 904,West Paul,Idaho,51137,-28.029707,14.578285
Ian Graham,72,0558 Vanessa Well,West Trevorfurt,Vermont,02758,-134.722603,-25.4433655
Brandon Benjamin,78,2083 Walker Burgs,East Katelynbury,West Virginia,11537,-153.415267,68.013713
Nicole Hayes,71,7689 Moreno Creek Suite 064,Hernandezchester,North Dakota,19622,-169.135010,-63.8520675
Shawn Mathis,59,60778 Foster Ville,West Daniel,Virginia,51828,-9.969741,33.759692
John Smith,40,2692 Pierce Locks Apt. 350,South Emilyborough,Maryland,37680,99.798573,5.8483235
David Wilson MD,75,73658 Heather Glen,New Ian,Pennsylvania,71614,62.810542,46.468617
Brandon Miller,18,877 Kyle Forks Suite 837,Hugheschester,Oklahoma,63876,44.039230,-27.911891
Thomas Mayo,73,94541 Tanya Port Apt. 092,Princeview,Massachusetts,95659,168.564032,-66.8813455
Alyssa Evans,25,99387 Shaw Inlet Apt. 643,Smithfort,Wisconsin,49909,32.357439,-55.6258965
Megan Jones,34,0150 Harris Route Apt. 431,Kerrview,Delaware,78812,-163.325473,-57.218284
Aaron Kent,58,5047 Jessica River Apt. 842,East Juliamouth,Montana,76381,64.415700,-15.505325
Elizabeth Nichols,65,859 Zimmerman Lakes Suite 910,North Paul,Oregon,45432,-59.403422,81.5177375
Rebecca Cook,79,95798 Kenneth Turnpike Apt. 665,Jonborough,Mississippi,03671,164.752320,-51.6577465
Caleb Hicks,45,2362 Katherine Crossing Apt. 877,East Kyleburgh,Georgia,08414,40.313032,55.948779
Shawn Perez,18,791 Murphy Flats,Pattersonhaven,Vermont,24450,-163.176165,52.3197875
William Espinoza,79,61491 Norris Stream Apt. 396,Williamtown,New York,91691,-130.299723,37.511498
Anthony Jenkins,28,41247 Jennifer Isle,Laurahaven,Delaware,26921,-3.352684,-82.466029
Randy Stone,45,31583 Jessica Island Apt. 098,Mcbridestad,Colorado,60412,144.485347,-23.475038
Craig Oliver,61,91148 Cody Grove,Port Garymouth,Missouri,43475,-136.016375,74.089819
Daniel Campbell,65,45546 Cassandra Mount Suite 053,South Dawnberg,Arkansas,45419,42.528226,-37.726049
Adam Hernandez,60,0535 Colleen Corner Suite 629,Edwardstown,Arkansas,04066,-85.534801,-40.082043
Matthew Lynch,77,504 Jeffery Mountains Apt. 084,Schaeferborough,Pennsylvania,68297,138.950564,-78.7362795
Austin Spence,47,1109 Bradley Ramp Apt. 600,Port Timothy,New Jersey,93502,-129.977263,-13.418295
Mr. Jacob Alexander,25,02795 Rogers Forge Suite 874,North Heather,Florida,97379,116.516901,74.227742
Frank Miller,35,94675 Patricia Unions,Karlaland,West Virginia,92040,-100.688682,26.0366845
Linda Evans,35,9186 Nathaniel Mall Suite 345,West Natashafurt,North Carolina,40575,23.225704,-17.6313895
