name,age,street,city,state,zip,lng,lat
David Jordan,28,74941 Norris Trail Apt. 951,Monicastad,Missouri,54685,28.929962,-14.015976
Brian Berry,52,8246 Martinez Drives Suite 889,South Denise,Hawaii,09113,-175.325458,37.2595565
Danielle Chapman,24,3908 Lee Fall,Maymouth,New Hampshire,20101,-87.828501,68.5892935
Joseph Craig,19,0226 Butler Well Apt. 351,Lake Joshua,Kentucky,33521,-41.664544,21.996481
Ashley Perry,65,96699 Stewart Spurs,South Stephanieside,Georgia,48001,-43.326702,-10.424486
Nicholas Christensen,77,2724 Adam Islands,Lake Tabitha,Mississippi,45296,-84.040286,27.8068235
Mr. Anthony Moreno,19,245 Hurst Turnpike,South Patricia,Ohio,28290,141.035562,-35.770720
Kimberly Davis,46,311 Isaac Landing,Lopezmouth,Illinois,58663,115.730743,-12.9275925
Kristen Beasley,60,4973 Erin Camp Apt. 805,Megantown,Idaho,16714,-5.287089,89.3479315
Christina Shepherd,63,1132 Julie Track Suite 915,Moralestown,Tennessee,45781,108.265807,50.191536
Teresa Irwin,63,56487 Jones Cliff,Karenport,Connecticut,35688,-57.866352,-27.1416725
John Hood,65,165 Alexander Glen,North Carlosside,Louisiana,12584,60.535282,83.2150205
Matthew Russo,45,2838 Randolph Valley Suite 048,Danielsville,New Jersey,11326,104.606021,-28.993773
Jared Valdez,79,2620 Robert Lock Apt. 481,North Jackmouth,California,66416,133.277804,-39.684707
Robert Schmidt,19,522 Matthew Glen Apt. 007,Hunterborough,New York,16336,90.537421,65.1994445
Julie Jordan,76,71877 Christy Divide Apt. 528,Steelemouth,New Hampshire,73820,-65.992931,54.870519
Amanda Peters,20,45186 Flowers Shoal Apt. 949,North Laurafurt,Connecticut,46152,168.727044,38.207672
Jose Martin,33,79888 Kimberly Flats,Kingville,Kansas,21393,84.405794,21.436158
Renee Alvarado,48,932 Sherry Isle,New Heatherstad,Vermont,73043,-33.984099,-25.327509
Ashley Sandoval,69,0653 Fisher Burgs Suite 406,West Brittany,Washington,11105,176.696483,-83.827526
Nicole Garcia,73,25191 Nicole Coves,Jonesbury,Arkansas,27415,-74.034801,-24.332324
Jennifer Mckinney,46,80958 Lisa Gateway,Carolynview,Massachusetts,66783,-49.256458,37.5153095
Kenneth Harris,72,09055 Amy Port Suite 072,Jasonshire,Rhode Island,05075,141.796215,77.7080285
Joshua Conway,27,98185 Weeks Well,Schroederbury,Utah,70477,77.129819,-26.8027305
Daniel Blackburn,39,92548 Nguyen Mission,Raymondburgh,New Hampshire,58148,58.890013,8.9772035
Joseph Campos,71,3655 Kennedy Keys Apt. 020,Port Breanna,Illinois,50243,151.568201,-19.3990965
Allison Patton,60,55440 Long Unions,Garciafort,Colorado,86487,-71.013471,29.651935
Gail Hodge,75,957 Robert Views,Millerburgh,Hawaii,71797,163.327194,-76.609312
Christopher Henderson,45,036 Allen Neck Apt. 111,West Beckyton,North Dakota,44043,22.270744,-45.5159695
Andrew Wright,80,0669 Cruz Union,Port Katherineside,New Mexico,61637,-75.133636,-7.0366465
Elizabeth Davis,57,10412 Gilmore Station,New Mary,Massachusetts,42468,72.543417,2.4599295
Dennis Wright,28,157 Perry Keys,Caseview,California,08225,-94.147300,-55.1993695
Kelly Irwin,32,2468 Adam Streets Apt. 699,East Richard,Rhode Island,56561,102.618331,-70.088989
John Erickson,76,99176 Brown Heights,New Paigeland,South Dakota,15002,-23.783003,66.210953
Michael White,36,545 Duffy Island Suite 794,Serranoborough,Nebraska,19382,20.602043,62.8215025
Michael Allen,40,909 Lane Pike Suite 504,Lake Elizabethfurt,Colorado,56407,-145.287604,-35.5427915
Barbara Andrews,61,7210 Jonathan Drives Apt. 585,Grayside,Maryland,40404,146.987137,39.772621
Lauren Martin,49,98923 Troy Street Suite 289,Port Michael,Alabama,49301,93.746821,84.0661095
Elizabeth Barnett,42,523 Dominguez View Suite 910,South Stevenburgh,Alabama,10513,106.483114,14.095470
Justin Williams,76,585 Mercer Lights,Smithberg,Illinois,01720,26.087002,-15.038956
Tracey Hayes,78,842 Clayton Course Suite 007,Port Williammouth,Texas,72797,149.184857,-33.0487595
Daniel Proctor,53,752 Taylor Mills Suite 975,Port Meghan,Iowa,39657,134.487474,-5.0897355
Amy Jackson,26,16850 White Drive Suite 814,Roseside,West Virginia,19372,11.524487,-86.4232015
Doris Porter,36,185 Mitchell Roads Apt. 661,Dawnborough,Maine,66289,149.923957,7.4344365
Laurie Smith,74,23879 Blair Plains Suite 548,New Steven,California,44222,-168.428346,-24.219366
Dale King,23,01482 Mendoza Summit,Masseyfort,Connecticut,03372,88.359765,69.420038
Christina Mclean,40,161 Lori Flat,Shermanmouth,Arizona,37391,-52.605082,-65.0676475
Jeffrey Gonzales,58,8846 Jason Turnpike Suite 619,Shannonchester,Minnesota,35295,108.535865,45.2372285
Mia Clements,44,5096 Black Islands,South Nicholas,West Virginia,13579,-55.895198,-33.1118395
Heidi Mcdonald,76,226 Martinez Inlet Suite 278,Frankfurt,Wyoming,75165,-54.396905,-3.5071465
Christopher Carlson,39,0325 Ralph Vista,New Christopherborough,Delaware,47156,42.462944,0.664948
Michelle Burns,34,816 Richards Branch Suite 197,Justinbury,Arizona,18254,-132.056675,-3.945219
Bruce Webster,48,476 Watson Way Suite 759,Gonzalesberg,Pennsylvania,19401,20.857339,16.8048505
Nicole Davis,19,987 Garcia Lights Suite 324,Taylormouth,South Carolina,93313,9.822113,-41.2593945
Cynthia Jennings,67,9070 Green Ports,North Breannabury,Arizona,20153,157.144569,46.3990855
Monica Andrews,44,5950 Victoria Dam,North Erikton,Maryland,00878,179.895812,-77.224064
Zachary Haynes,24,6934 Mary Track Suite 289,Williamberg,Florida,65634,157.114065,24.906051
Christopher Alvarez,61,3248 Peterson Camp Apt. 994,Amandaton,North Dakota,81028,-129.058521,-59.2962325
David Johnson,48,8982 Abbott Lock,North Steven,Louisiana,56836,45.906173,-60.101020
Katie Hopkins,23,51728 Roberts Square,Port Jerrystad,South Carolina,02345,38.831710,64.661886
Shannon Blackburn DDS,71,52265 Davis Bypass,Lake Alison,Montana,78976,-112.207034,3.0001015
Zachary Morrison,23,2868 Becky Shores,Lisabury,Virginia,63097,134.022087,-17.391550
Dr. Christopher Mcguire MD,48,31536 Bradley Throughway,Chapmanview,Oregon,41240,33.826279,-81.753059
Elizabeth Combs,64,60362 Evans Shores Apt. 939,West Rileymouth,South Dakota,49993,-75.300303,-10.5091995
Glen Fowler,75,19352 Olson Plains,Richardberg,Vermont,32910,68.763562,44.9274765
Guy Young,30,5236 Owens Dam,Oliviashire,Montana,34257,-112.507030,-79.511105
John Barber,35,44457 Vazquez Roads Suite 965,Mahoneyhaven,Kansas,43111,175.945382,-53.6132905
Daniel Lamb,38,61311 Nathan Cape Apt. 785,Jorgeburgh,Rhode Island,34179,167.117627,-20.6663065
Michael Curtis,40,5055 Nicholas Summit,Madisonshire,Nebraska,75571,-91.383238,78.6373975
Donald Johns,80,417 Hayes Unions Apt. 360,Sandrastad,Hawaii,54214,164.230077,-56.2472785
Brian Floyd,54,560 Freeman Village,Hartport,Colorado,58250,43.504259,72.774718
Jacqueline Williamson,24,133 Jennifer Orchard,East Jackbury,Maine,63409,-126.929952,-40.1245525
Anna Roberts,26,998 Ryan Ranch Apt. 612,Port Donnaburgh,Arizona,53033,154.328458,-45.408896
Heidi Madden,29,343 Foster Roads,Lake Pamela,Connecticut,31279,-123.762302,-52.6567435
Ralph Lane,70,64393 Crystal Oval,Tinamouth,Oklahoma,38162,84.743206,-41.711764
Kevin Flores,75,917 William Forges Apt. 863,Dawsonberg,Oregon,39589,2.244876,-66.973958
Carolyn Christensen,71,65597 Cunningham Lodge Suite 934,Hollandbury,Iowa,80616,36.648710,48.6133025
Robert Aguirre,52,73491 Li Row Apt. 444,Williamsville,Alabama,40052,84.814883,-21.343171
Micheal Torres,55,16432 Michelle Keys,Nicholsonburgh,Colorado,87082,-133.623673,80.920175
Barbara Williams,22,265 Crystal Trace Suite 664,Tiffanychester,Pennsylvania,66387,-89.476532,23.3642945
John Holt,66,919 Donald Stravenue,Courtneyshire,Connecticut,82733,-116.436681,-46.768464
Danielle Hartman,69,04703 Ivan Mountain Suite 383,New Jennifer,West Virginia,61170,-97.255721,14.2046925
Kelli Malone,54,520 Angela Garden,Heatherberg,Oregon,65834,-104.199520,75.4565705
Mark Roberts,78,91531 Mark Plaza,South Michael,Minnesota,16501,-45.943843,-3.087466
Alex Horne,68,515 Michael Plaza Suite 866,West Amandaton,Wyoming,76756,164.539079,-10.6493995
Rebecca Cooke,33,27732 Meyer Unions Apt. 025,Millerton,New Mexico,69167,-12.742841,-76.850809
Angela Barber,30,390 Jones Lodge Suite 648,Maryborough,California,78962,81.003322,27.401953
Matthew Meyer,65,2681 Tiffany Inlet Suite 632,North Andrew,California,58271,-136.436130,-2.3629465
Sandy Nelson,64,21937 Perkins Village,Pennyhaven,New York,52751,-157.458461,17.010903
Sara White,24,572 Cindy River Suite 981,Tinaside,Nebraska,86185,-0.912294,67.436541
Kathy Miller,64,183 Long Creek,East Donald,Nebraska,78637,-60.991246,-34.9234105
Patricia Steele,64,95254 Alexander Turnpike,Ryanhaven,Arkansas,13453,-29.087778,60.5435465
Danny Lynch,40,16253 Haley Parkways,Sandramouth,Pennsylvania,89255,-173.330147,-72.8160645
Joseph Davis,50,295 Michelle Islands Suite 474,Port Amy,Montana,66513,4.123050,54.6455725
Zachary Rodriguez,72,1898 Stark Canyon Suite 355,Port Sarahfort,South Carolina,63719,7.528279,-62.8862585
Susan Barker,37,95038 Snyder Streets,Reedbury,Kentucky,61173,177.962650,62.042433
Allen Taylor,45,25570 Johnson Hills,Rachelside,Nevada,00743,-2.020700,-77.0488005
Dawn Valdez,62,62247 Cox Parks Suite 550,Aaronbury,Oregon,62749,-113.212342,82.368286
Brian Fletcher,18,6860 Austin Crest Suite 266,East Douglas,South Carolina,91816,52.756399,81.041793
Melissa Bass,77,737 Douglas Prairie Suite 085,Lake Chelsea,Indiana,97411,-97.711236,-45.663763
Shawn Fox,56,2037 Keith Stream Apt. 252,Jacksonville,Ohio,52687,80.687675,-83.939469
Lisa Schwartz,22,80770 Gardner Route,Davidhaven,Hawaii,67917,-114.348708,39.5241785
Veronica Garcia,36,66008 Maldonado Extensions Suite 434,South Samanthaborough,Rhode Island,87102,-44.232920,-23.686787
Benjamin Boyer,40,538 Brian View,Cynthiatown,New Jersey,82387,-12.633959,68.939364
Amanda Sanders,75,86331 Eric Brooks Suite 148,Angelaberg,Florida,44750,-121.383071,-34.4961955
Steven Castro,46,750 Stephanie Road Suite 744,North Charlesmouth,Florida,36769,95.626743,-22.618241
Daniel Stephenson,54,16189 Carolyn Flats Suite 212,Dylanland,Florida,82089,-77.543821,-38.361827
Cody Ward,20,46962 Angela Route Apt. 247,Chandlerside,Colorado,80801,-56.214564,64.4023615
James Flores,70,76381 Hayes Circles,Lake Andrew,Alabama,09240,64.895536,85.883435
Sergio Perez,73,850 Page Rapid Apt. 572,North Stevenburgh,Montana,18834,-102.241135,31.220139
Keith Little,55,5922 Love Turnpike,West Rodney,Maryland,72778,-54.653421,-76.6220145
Michael Carter,68,13113 Michael Point,East Dianeport,New Mexico,71224,0.057800,-57.120180
Jesus Robinson,58,55831 Haynes Island,Maryburgh,Minnesota,18575,-80.060436,-84.6799165
Andrew Johnston,73,731 Davies Fort Suite 012,North Kristin,Virginia,59519,64.835076,56.611342
Jamie Mcdonald,69,816 Diaz Shores Apt. 451,Atkinston,Kentucky,51939,-162.025604,64.4117115
Sandra Perkins,63,2670 Franklin Path Suite 930,New Robertshire,Maryland,07579,-2.620354,-87.280483
Stephen Andersen,27,229 Reilly Fall Suite 731,New Nathanport,Nevada,94191,-39.077421,-36.3670635
Karen Gonzalez,46,42661 Sanchez Pines,New Stefaniechester,Alaska,10078,-136.880587,-28.791509
Terry Horton,63,77989 Christopher Vista,Taylorville,Missouri,94989,-81.146009,71.1615705
Katherine Perry,35,79831 Gilbert Path Suite 086,Debrastad,Texas,20357,72.047960,52.742986
Nicholas Pruitt,52,537 Wells Pike Apt. 404,North David,Pennsylvania,42370,-100.053108,-63.432712
Robert Rivera,44,523 Brown Corner,South Olivia,California,20352,3.613551,-17.262512
Susan Johnson,21,49106 Vanessa Brook,Karenland,Montana,79541,-23.434104,-10.8596975
Kyle Novak,67,83727 Kim Springs,South Amy,New Jersey,56558,154.417764,13.8985005
Andrew Cruz,61,88114 Smith Springs,South Chad,Kentucky,52972,-69.387359,-75.883827
Rhonda Miller,41,69593 Alison Ports,Darylberg,New Hampshire,03603,-121.247890,-58.756476
Daniel Padilla,35,73422 Rachel Glen,South Karen,Minnesota,10465,-138.166178,11.0090905
Caleb Taylor,31,911 West Ridge Apt. 097,South Brittanymouth,Tennessee,29080,174.875669,-59.3800985
Jerry Gordon,74,03153 Heather Unions,Allenhaven,New York,28206,77.719557,-23.608812
Malik Miller,77,1732 Stephanie Trail,Blakeshire,Louisiana,50362,-124.509058,-26.233135
Angela Orr,26,54259 Haas Village Suite 317,Danielleport,Maryland,68417,107.381075,-64.5546365
Russell Griffin,33,19812 Jennifer Ports,Port Andrew,Illinois,99091,118.493044,-57.4407235
Dalton Gonzales,52,4350 Daniel Burg Apt. 944,South Derrick,Tennessee,34297,-177.146215,-32.7240305
Kayla Wilson,31,177 Clark Pine,West Keithmouth,Minnesota,47854,-164.420751,59.6477765
Paula Jones,30,3263 Nelson Junctions,West Robertberg,Washington,86759,0.530128,-78.505334
Thomas Brown,52,854 Alexandria Spurs,South Stephanieton,Wisconsin,20906,-128.253103,53.0299885
Jeffrey Neal,67,991 Joshua Junctions,Anthonybury,Michigan,89760,-7.136932,69.265814
Leslie Evans,63,4410 Omar Forges Apt. 354,Jeffreyfort,Montana,31982,-143.284035,5.2791905
David Shelton,36,4033 Linda Isle Apt. 420,Alexanderchester,Kentucky,91054,-110.758706,-34.835996
Kathleen Willis,35,481 John River,West Frank,Illinois,82923,-92.735031,4.096458
Allison Rogers,39,358 Marcus Station Suite 940,Port Davidstad,Nebraska,55070,72.612678,77.7276865
Teresa Sharp,28,495 Jordan Avenue Suite 300,Bakerburgh,Michigan,33186,-147.595653,-18.466086
Timothy Patel,31,813 Jonathan Curve,North Paul,Alabama,05435,95.662395,54.0144545
Chase Miller,63,9216 Michelle Orchard,Ruizfort,New Mexico,67152,-37.945025,-42.253097
Richard Miller,31,8503 Juarez Camp,Davidton,West Virginia,97027,78.657130,37.3714685
Julia Graves,48,45829 Holmes Mission,West Evanborough,North Dakota,58590,94.440713,83.1343205
Taylor Harris,33,805 Jordan Gateway Apt. 931,Heathertown,Utah,67496,-75.411528,-31.6524015
Roberta Hopkins,32,283 Pedro Views,Kimberlytown,Virginia,57166,-144.434666,-85.852349
Angelica Bryant,44,975 Wayne Garden Apt. 137,Paulstad,Alaska,00634,47.301541,7.8851625
Rodney Evans,76,4433 David Summit,East Jordanstad,Nevada,40140,179.725084,11.3406555
Brandy Conrad,37,1836 Jeffery Summit,Martinezmouth,Washington,01683,132.752966,28.182658
Robert Henderson,24,96992 David Underpass Suite 838,New Loritown,Georgia,04465,21.450749,-36.6044905
Lindsey Stevens,36,26778 Steven Freeway,Walkerton,Nebraska,13472,3.985855,-40.591561
Jack Patel,25,3488 Patel Courts Apt. 535,East Andre,Arizona,56861,70.128234,27.7514185
Steven Jones,80,894 Camacho Fall Apt. 842,New Wesley,California,62191,13.787462,-71.107949
Samantha Johnson,20,732 Swanson Rue,Lake Brandy,Montana,29493,-45.907212,51.3995745
Gregory Mccoy,60,8208 Lamb Mount,New Josechester,Maine,22364,69.502516,-59.8301675
Haley Miller,30,28654 Sarah Camp,West Danielle,Maryland,72835,128.159116,-61.563201
Kylie Arnold,56,6778 Davis Highway Suite 673,Lake Susan,Alaska,65938,-2.748733,88.0926945
Shawn Miller,60,0865 Cindy Terrace Suite 625,Port Joelland,Missouri,04538,29.549417,53.8134255
Lisa George,35,51492 Smith Point Suite 474,South Jamesland,Texas,66780,107.857192,18.370815
Natalie Williams,71,52987 Theresa Loaf Suite 896,Evansfort,Maryland,13711,124.392252,-71.344277
Dr. Jacqueline Anderson,28,789 Hayes Stravenue Apt. 540,Johnview,South Carolina,37341,-80.148885,-32.765522
Levi Kelly,66,700 Michelle Ramp,Michaelville,Utah,22466,-35.996992,78.1001515
Vicki Ellis,22,80439 Madeline Common,South Alex,Virginia,83189,99.371603,14.5775155
Fernando Rogers,63,66524 Paul Locks Apt. 268,East Danielborough,Oregon,42144,-43.100810,85.584038
Michael Martin,79,45445 David Road Suite 835,New Justinmouth,New Mexico,28206,-101.286851,-16.434085
Michael Herrera,54,956 Russo Hollow,South Michelleton,Missouri,83302,1.416260,-45.992085
Robert Ochoa,65,98085 Jacqueline Glen Apt. 919,West Michael,Georgia,85407,-69.065405,52.1547915
Susan Foster,67,362 Jennifer Brooks Apt. 773,Nicolestad,Virginia,52634,-110.393475,-52.452984
Michael Hernandez,56,1173 Martha Isle,New Paulton,Connecticut,95732,-18.999444,-20.6057805
Sherri Li,22,05124 Davis Mountains,Woodardshire,Massachusetts,44722,163.683827,-18.9971255
Allen Graham,65,3102 Erickson Hills,East Billyview,Texas,80561,97.784030,-23.948296
Ray Saunders,77,4403 Randy Trace Suite 725,Lake Tina,New Mexico,51741,135.715239,10.6034385
George Brown,41,351 Nancy Ville,Youngbury,Hawaii,54529,-94.259688,2.8715025
Adrian Cordova,35,08065 Estrada Junctions Apt. 340,Josephberg,North Dakota,41488,101.413240,-50.298999
Michael Mathews,60,5148 Davis Estates Suite 752,West Brycefurt,New York,89097,19.925908,62.146690
Christopher Warren,65,345 Michelle Green Apt. 137,Lake Hannah,North Dakota,58935,24.394499,-34.3685605
Eric Wilson,77,469 Karen Mountains,Youngmouth,Nebraska,50233,-91.337387,74.569878
Sydney Bailey,39,803 Sierra Via Suite 411,Port Brianborough,Vermont,99854,45.963885,50.684460
Wendy Hatfield,42,134 Bass Manors,Piercestad,New Mexico,25852,-72.395413,-82.809722
Benjamin Patrick,48,137 Lisa Corners,Stephaniehaven,Kansas,19652,-123.003906,6.323929
Erin Mckay,69,104 Patrick Ways Suite 407,Markhaven,Virginia,97609,-49.377023,83.7541205
Thomas Gutierrez,56,503 Fox Fall,Baileyshire,Missouri,59160,-103.772724,-45.6295745
Shawna Christensen,58,76501 Andrew Port,Summerhaven,North Carolina,68628,133.035208,-72.0160255
Robin Hughes,26,0398 Lauren Groves Apt. 135,Port Xavier,Connecticut,34101,-110.489437,-0.0835305
Kaitlyn Stafford,63,1958 Kathleen Green,East Paulfurt,Georgia,59416,95.243387,5.6827265
Eric Nguyen,75,977 Wright Circles,Mcleantown,California,48737,0.525073,83.8169895
Melissa Wagner,80,5485 Gloria Burg,Port Heidi,Ohio,73420,110.783727,-65.153049
Jennifer Manning,47,1448 Luna Way Suite 895,New Danielmouth,Florida,49749,-159.951458,52.5670835
John Harvey,76,54524 Candace Station,Garrisonside,Massachusetts,11338,-65.763334,50.639211
Kimberly Brown,28,433 Mary Lane Apt. 703,West Kellymouth,New Hampshire,17099,-85.336664,-46.141500
Tina Walker,43,10002 Rachel Viaduct,Joshuaside,Massachusetts,71352,-167.061117,-85.388958
Ashley Wong,70,7284 Grant Haven Suite 958,West Nicholasland,California,80174,-162.777277,-49.5430185
Connor Ortiz,23,06287 Steven Pine,Baileymouth,Missouri,60179,168.829968,-26.0319645
Abigail Smith,80,7693 Michael Flat,East Kathleentown,New Mexico,45106,-22.049401,-37.1427145
Adam Carter,42,3735 Bridges Islands Apt. 757,East Meghan,South Carolina,84459,125.899681,-17.9915955
Christian Dean,29,91671 Christina Brooks,West Donna,Idaho,36250,-53.376227,-76.204247
Victoria King,53,9904 Davis Prairie Suite 611,Sarahbury,Illinois,86567,-72.667500,71.4831425
Katelyn Harris,27,548 Mathews Plains Apt. 209,East Adrian,Indiana,48454,45.640638,32.3864585
Emily Adams,61,689 Morton Common,Onealfurt,Georgia,72117,-29.353319,32.0114875
Alex Li,58,837 Emily Dam Suite 175,Lake Michelle,Illinois,56933,40.837085,23.3505145
Ariel Rivera,45,60670 Amy Plain Apt. 403,Hughesland,Hawaii,78995,-82.413160,0.2354865
Jillian Todd,28,4903 Jason Branch,West Michaelshire,Hawaii,73838,161.496097,37.5987595
Tami Cross,59,6208 Andrew Viaduct Suite 692,Castrofurt,Wyoming,48463,149.395023,-6.751783
Colleen Vega,58,6490 Dixon Meadows Apt. 902,North Tammyside,New Jersey,06644,-117.563636,74.030107
Carla King,40,74444 Veronica Heights,Erinmouth,South Carolina,07500,77.594326,19.377989
Cynthia Kemp,62,2338 Fleming Stravenue,New Christopherberg,New Hampshire,94417,41.476547,-11.465145
Bryan Curtis,53,10663 Castro Glen,Mooreville,West Virginia,18103,-6.845590,89.9411105
Jorge Leonard,29,856 Derrick Walk,Campbellside,Oklahoma,79012,99.895197,71.8801055
Willie Kelley,45,17489 Contreras Camp,New Alexander,Maryland,99193,-87.274855,-29.470348
Justin Acevedo,56,0912 Sims Trafficway,North Michelle,Indiana,49014,-112.779795,51.8885365
Kimberly Thomas,25,836 William Springs,Ashleyberg,Kansas,73060,-12.381455,-34.551502
Vanessa Hart,77,9981 Hayden Shoal Suite 896,North Jonathan,Delaware,99699,-49.175699,80.6006975
Meredith White,55,79807 Deborah Parkways Apt. 334,West William,Michigan,99868,83.643593,-41.0895385
Christie Fry,39,83460 Allen Prairie,Tylerstad,Florida,47033,114.904325,65.486215
Mark Guerra,65,794 Robinson Springs,Lindaland,Wisconsin,08363,-26.856067,31.069293
Gabriela Mitchell DVM,32,0330 Jo Knoll,Lake Carl,Hawaii,17514,-129.697966,-87.971577
David Owens,18,37672 Morris Way Apt. 268,Ryanstad,Kansas,02989,-54.553408,-19.2644815
Patrick Arnold,68,357 Margaret Crescent,New Lindsayport,Alabama,36355,-147.926719,88.7168935
Amy Moore,72,41582 Carlos Ferry Apt. 584,Baileybury,Louisiana,52713,-5.487377,15.1454095
James Bentley,34,834 Barrett Mountains,West Jason,Texas,36668,110.168660,-88.643772
Jason Jordan,59,72674 Jacobs Course Suite 542,Emilyland,Montana,27677,-68.071597,83.948044
Larry Cabrera,63,7871 Robert Pines Apt. 995,North Jeffreyport,Montana,25556,-62.447086,-83.4757025
Jerry Roman,76,71892 Beth Mount,Bethmouth,Colorado,56017,-29.297306,-85.7298735
Jennifer Farrell,54,8284 Valerie Spur Apt. 956,Cruzfurt,Pennsylvania,84528,-72.019128,-63.6403725
Laura Cervantes,41,48566 Nicole Ramp,Harrisshire,Connecticut,11746,128.855611,25.140348
Barbara Gibson,39,2534 Smith Trail Suite 717,Thomasside,Hawaii,84578,142.557272,-61.005370
Cindy Freeman,53,47979 Walter Keys,Johnsonfort,Montana,17667,159.551043,81.967927
Michael Singleton,28,07412 Walsh Road,New Scott,Oklahoma,49096,-98.333469,-34.3129845
Alicia Williams,43,5889 Lisa Fort,Yatesborough,Pennsylvania,11910,38.981413,35.0050895
Peggy Manning,55,2220 Nicholas Gardens Suite 384,Laurenborough,Colorado,52815,3.737030,-70.161776
Brett Romero,54,843 Webb Tunnel,Tomtown,New Mexico,79170,10.130169,88.896705
Sheena Fischer,56,438 Elizabeth Path Apt. 492,Hancockshire,Washington,52821,166.499715,-87.607317
Charles Reed,45,3233 Coleman Harbors,New Christopherfurt,Michigan,06361,155.150338,-14.7209255
Ashley Watson,67,8912 Bryant Landing Suite 321,Patrickville,Mississippi,07417,-83.149419,-75.3296895
Joseph Powell,77,82198 Andersen Fall Apt. 772,Patriciafurt,Utah,67489,67.887628,-76.9385955
Jimmy Hayes,72,49220 Parker Motorway,Matthewstown,California,40909,-95.021036,-3.0574005
Michael Chang,61,263 Brooke Port,Gonzaleztown,Louisiana,74805,63.478939,-71.1555035
Ronald Green,38,948 Justin Lodge,Garciabury,Texas,69284,40.687949,-60.6846075
Joshua Pena,72,164 Charles Corner,East Jasonview,Florida,39750,-103.025747,22.6078025
Kathryn Warren,50,310 Gibbs Wells Apt. 874,Mcbrideton,Oklahoma,75377,-75.306345,62.349977
Denise Harris,79,8139 Peterson Crescent,New Brandon,Montana,47381,171.395357,-35.5751285
Jennifer May,59,80927 Aaron Field Suite 019,Gomezfort,Arkansas,09859,73.196142,-46.8301435
Jamie Salinas,71,83868 Ferguson Lock,South Kimhaven,North Carolina,48852,121.325110,59.8567225
Cassandra Mora,46,7973 Paul Roads Apt. 655,Crawfordport,West Virginia,73168,-169.609668,71.337655
Loretta Gill,25,717 Laurie Summit Suite 717,East Wesleyland,Wyoming,49366,-145.085170,-48.650126
Richard Bailey,48,201 Green Unions Suite 764,Mullinstown,New York,41693,38.337322,-44.192740
David Clark,65,2982 Daniel Summit Apt. 649,Terriside,Pennsylvania,59983,0.104224,89.188737
Ryan Martin,26,613 Lisa Run Suite 892,Terriview,Rhode Island,30765,-35.750368,-43.005913
Michelle Garza,77,40592 Pierce Station Suite 216,Sarahchester,Oregon,31859,-32.300914,1.245489
Jason Kennedy,45,5311 Amy Lodge,Lake Paul,Wyoming,97126,-65.212171,-85.260689
Tammy Griffith,24,1702 Romero Points,Kellyfort,Louisiana,63661,174.853492,21.269539
Roberto Williams,79,2360 Bates Turnpike Apt. 274,Morenoborough,Missouri,98249,41.282358,49.8044645
Nicholas Boyd,47,1827 James Way Suite 855,East Jenniferland,Wisconsin,59230,76.876757,7.0882965
Darrell Tucker,76,53948 Jackson Harbor,Larsonville,Georgia,94842,78.316611,54.7340435
Victoria Hawkins,55,16466 Smith Motorway,Colechester,Wyoming,90145,80.273808,-47.405290
Matthew Obrien,25,39327 Carly Trail Apt. 922,North Kimberlyberg,North Carolina,80543,-146.725988,29.4386755
Melissa Lester,19,4309 Aguilar Mountain Suite 792,Brianport,Florida,16810,-97.709861,-2.790507
Deanna Reese,38,9235 Dean Extensions Suite 039,Bryanshire,Nevada,42148,-137.311905,22.547245
Brenda Carter,47,4631 Trujillo Ford,Port Christineshire,Georgia,18207,118.271410,14.964674
Curtis Smith,80,4134 Lewis Brooks Suite 331,West Cynthiaview,Arkansas,49462,-14.613305,-57.549038
Jay Johnson,72,722 James Mission,Edwardston,Virginia,33911,115.622820,-73.609212
Donna Stewart,79,506 Wise Causeway,New Bethany,Utah,08896,-74.049502,89.678000
Grace Luna,49,2110 Nunez Ramp Apt. 772,Luisborough,Vermont,70916,44.269551,-17.3512965
Matthew Blair,79,530 Rhonda Highway Apt. 155,Port Stanley,Tennessee,97000,7.655079,0.045023
Gregory King,19,639 Fuller Springs,Lisaview,Nebraska,48389,51.383363,89.2828075
James Terrell,27,8123 Perry Hollow,West Bryanborough,Alabama,94372,135.886229,-27.7107545
Matthew Banks,36,605 Erin Centers,West Aaron,New Hampshire,67055,-130.083417,44.0687795
Robert Allen,59,55027 Jack Mountains Apt. 628,East Tyler,Arkansas,53593,8.674542,-68.4277165
Stephanie Jones,59,9113 Jeremy Pass Suite 362,Garciaside,Nevada,64132,85.821728,-86.531422
Richard Wilson,78,62017 Robert Roads,Meredithstad,Montana,84743,110.102124,-5.759467
Matthew Garcia,42,763 Austin Passage,South Davidton,Montana,97886,147.324048,-87.969066
William Key,28,972 Richard Ville Suite 308,East Chelseyshire,Tennessee,38000,-32.857024,36.687269
Christy Molina,18,7472 Aaron Lights Suite 436,North Stephen,Vermont,41077,-89.855327,39.7681605
Melissa Williams,53,3766 Eric Gardens,South Philiptown,Florida,23760,-77.874430,41.4665265
Larry Moore,49,51313 Porter Flats,Port Brettville,Wisconsin,12104,41.348195,4.2106095
Brooke Krause,75,11665 Christy Ford,Port Scott,North Carolina,14950,-84.160816,-27.9918175
Anna Watson,50,378 Moore Pass Suite 758,North Erichaven,New York,08729,-1.852687,-50.069955
Michael Martinez,39,26697 Jennifer Haven Suite 145,East Bobbyhaven,Alaska,27723,-97.957413,-46.707968
Eddie Bean,50,53130 Ortiz Locks,Lake Anita,South Carolina,72799,116.029596,-49.580603
Misty Phillips,41,1966 Wendy Ville Suite 422,Justinville,Mississippi,08126,-117.143517,-68.014203
Brian Hogan,41,251 Selena Isle Suite 738,West Christopherview,New Jersey,76829,-128.942138,-46.2712395
Patrick Lopez,34,917 Edwards Falls,West Anthonytown,Pennsylvania,83027,14.348859,-68.8835855
Antonio Barry,68,64244 Cohen Prairie,Portermouth,Missouri,33723,-124.597322,24.5423935
Jonathan Mclaughlin,66,8246 Lewis Coves,Randallstad,Ohio,50904,20.134997,-64.086845
Nicole Davis,70,84199 Wolfe Meadow,Port Alexandraside,Connecticut,01210,-72.052063,89.016562
Paul Carter,49,0088 Hale Ports,East Todd,Alaska,66599,-171.054834,12.539424
Raymond Bell,76,279 Wilkins Camp,Edwardborough,Kentucky,75800,-39.776131,32.087633
Tommy Brooks,39,940 Wilson Estates,Terryberg,Utah,88995,22.544329,-59.709407
James Reeves,24,85831 Rodriguez Extension,Rogersside,West Virginia,07678,-159.938391,-55.610422
William Mccann,25,86735 Wiley Route,Port Anthony,Texas,59888,109.664104,-88.157589
Deborah Kirby,58,55646 Taylor Burg,Michaelfort,Maine,28544,147.986695,81.177245
Matthew Ward,79,4232 Kennedy Ville Suite 787,East Matthew,Iowa,73170,96.722562,0.6521085
Dr. Anna Crosby,29,456 Oliver Park Suite 070,Darrentown,North Carolina,65305,174.943531,-72.7586695
William Roberts,58,030 Reginald Prairie Suite 063,Nicholashaven,Maryland,24892,-175.713386,-51.3288045
Samantha Sandoval,30,137 John Burgs Suite 134,North Cherylfurt,Minnesota,34484,-71.674400,73.371764
Douglas Flynn,39,08642 Charles Spurs Apt. 685,Paulchester,Wisconsin,01073,-47.318430,13.768743
Franklin Hill,18,580 Rodriguez Cliffs,West Jessica,Vermont,10842,46.955284,-73.4514425
Diane Bell,52,05965 Gregory Center Apt. 490,Richardview,Connecticut,34044,2.928188,-89.000702
Lori Sandoval,25,01880 Scott Divide Apt. 430,Port Bobbyfurt,Maine,60307,174.309264,29.217333
Daniel Richardson,29,79481 Sanchez Oval,Frymouth,Oregon,26729,35.956388,-60.9355695
Luke Wright,70,37616 Wilson Fords Suite 737,New Davidchester,Colorado,52335,166.170770,-2.757795
Shelly Pitts,65,52615 Thomas Divide,North Maryshire,Georgia,84333,-106.427958,57.923029
Jerry Diaz,74,8180 Heather Grove,Russofort,West Virginia,56593,-121.396813,41.1654545
Melvin Hall,64,564 Ruben Views Apt. 121,East Donna,Nevada,17660,123.302018,-50.822626
Michael Haney,34,75876 Carpenter Park,Jamiechester,Texas,74659,-63.532281,-88.337360
Paul Wilcox,66,522 Christopher Inlet,Cruzhaven,North Carolina,19790,-48.276378,-23.0892995
Grant Zavala,27,29599 Kelley Plaza,Reedberg,Delaware,03378,-77.381204,58.397545
Cheryl Lyons,66,625 Alexander River Apt. 168,South Kaylachester,Connecticut,55150,136.366621,75.1351315
John Bryant,57,76480 Gray Estate,Ramirezstad,Montana,42938,-145.778330,89.8758005
Ashley Patterson,44,0795 Sarah Brook,Tonyaville,Rhode Island,44893,121.371995,-3.6358595
Katrina Miller,78,5817 Alexander Forest Suite 432,East Kimberly,Rhode Island,34313,14.009772,35.0587955
Michelle Lester,44,5673 Woods Forest Suite 630,Jessicaberg,Iowa,90570,-144.613989,18.2504955
Thomas Moore,21,5603 Michelle Mews,Port Karen,California,78177,-97.119885,21.6090165
John King,37,92331 Jessica Manor Apt. 460,Steinmouth,Alaska,76568,57.604493,67.516399
Melanie Callahan,23,63273 Donald Squares Suite 167,Nunezchester,Arkansas,30544,93.181023,88.168318
Susan Pearson,27,8151 Ferguson Glens,West Ryan,Delaware,94465,75.695129,44.3722135
Alexandra Booth,29,41226 Tonya Drives,South Nicole,Wisconsin,43318,92.997366,35.6369445
Edward Hunter,24,74006 Cameron Path,Barnettville,Colorado,62356,-39.734520,77.9086465
Gina Andrews,33,7145 Moon Row,Carlsonland,Wyoming,22959,-92.699960,6.2207865
William Haynes,74,00297 William Crossroad,Birdberg,Texas,55266,117.203537,84.0852235
Mr. Lawrence Ortiz,71,701 Tonya Locks Apt. 292,West Melissabury,South Dakota,71031,-171.712533,-82.225386
Jamie Harper,32,20341 Burke Drives Apt. 042,Riveraport,Connecticut,16918,26.949888,60.2942485
Karen Rodriguez,80,57059 Odonnell Row Suite 725,South Joseph,North Dakota,00670,51.049667,-56.1193935
Joshua Ellis,65,07438 Curtis Shores Apt. 174,West Karenmouth,Virginia,98482,27.976431,-33.1471775
Emily House,45,69503 Charles Track,North Jenniferville,Florida,31794,86.543498,56.391817
Samantha Oliver,63,4891 Jerry Shores,East Erinview,Kentucky,41845,-168.997532,63.1565195
Karen Shepherd,43,9105 Sarah Shoal,Thomasside,Arizona,90707,-164.587791,43.7321285
Nancy Woods,50,6887 Mata Corner,New Heatherland,Nebraska,39801,75.488811,0.836944
Sabrina Cruz,50,7435 Joseph Extension Suite 285,Bakerville,Alabama,78035,14.412220,-22.5869685
David Jones,30,3117 Robert Fields Apt. 976,Susanberg,Hawaii,70312,-93.709009,45.420555
Sarah Diaz,78,569 Cassandra Drives Suite 722,Rodriguezmouth,Montana,53383,-21.572282,-56.7545845
Mary Sanchez,41,545 Bruce Village,Aguirreberg,South Carolina,57279,-88.512334,21.1140945
Debra Pham,78,39503 Amber Mountain,North Ronaldhaven,New Mexico,23294,-1.904741,58.863450
Judith Hall,30,58956 Diane Underpass Suite 839,Port Kevin,Illinois,44389,-97.092552,-22.3161945
Tina Hernandez,22,059 Hector Summit Suite 887,Whiteview,Massachusetts,85901,-29.186718,24.025821
Hannah Mills,73,112 James Square,Lake Stephen,Maine,06743,106.916662,50.9336305
Joseph Hernandez,72,299 Hernandez Drives,East Benjaminton,Louisiana,36108,105.852852,-68.764572
Dawn Dennis,80,8924 Lisa Union,Spencermouth,Arizona,17276,-19.740858,-42.3846265
Clarence Buchanan,53,9367 Anthony Hill,Jenniferfurt,Virginia,36221,12.551715,-69.606563
Barbara Williams,75,53596 Edwards Heights Suite 895,Jamesside,South Carolina,07185,36.997412,61.2416765
Joseph Hernandez,21,533 Virginia Throughway Apt. 959,South Kim,New Mexico,29664,-141.675006,-77.182731
Alexandra Colon,63,5043 Allen Loaf Suite 291,Rodriguezmouth,Idaho,41717,-133.151953,76.4616625
Kimberly Miller,20,2624 Elijah Forks Apt. 323,Clarkberg,New Hampshire,72054,19.767023,57.801940
Amanda Stewart,80,536 Ronnie Parkway,Callahanview,Idaho,95320,-125.519402,-70.8046855
Catherine Waller,68,4102 Hunter Shoals,Paigeview,Hawaii,50138,-163.017176,-43.834929
Deanna Cooper,70,568 Lori Circle Suite 242,North Becky,Michigan,56881,64.267639,9.1844105
Susan Walker,27,815 Clark Radial Suite 093,Lindseyshire,West Virginia,32764,6.833438,-32.5796035
Brittney Johnson,57,090 Long Groves,Garyshire,Illinois,15995,-48.762164,69.4396725
Paula Hoffman,23,0205 Wood Vista,East Jasonfort,New Hampshire,52129,-135.971913,-73.547561
Kendra Cook,45,4442 Gonzalez Loaf,Lake Hector,Florida,17207,87.827365,-77.9303885
Nicole Barber,69,641 Weaver Plaza,Lake Dorothychester,New Hampshire,79960,-79.905053,-52.0911765
Yvette Austin,45,25759 King Camp Apt. 833,Elizabethside,West Virginia,01614,-17.543601,-13.207015
Jesse Sellers,73,9090 Silva Mountain Suite 466,Port Timothyport,Georgia,15386,-79.148261,45.016871
Daniel Stewart,47,275 Gregory Place,Grahamborough,Mississippi,35982,172.953520,56.6919895
Daniel Nelson,70,32805 Elizabeth Rapids,Lake Robertstad,New Hampshire,85631,166.243379,20.1277775
Nathaniel Austin,50,034 Hebert Canyon,Mckenzieville,Wyoming,97861,61.723777,-48.6475145
Scott Stanley,23,500 Wade Center Apt. 842,Jonathanland,Michigan,27895,15.119339,3.7190415
William Farley,72,335 Kerr Mill,Barbarastad,Oklahoma,95049,-79.444553,-1.673416
Kyle King,26,1110 Thomas Branch Suite 060,East Jorgetown,Pennsylvania,47768,173.564551,19.620091
Hunter Miller,76,549 Jackson Highway,North Brookemouth,Iowa,63033,-106.088118,30.4074525
Mary Schneider,41,8417 Suzanne Mission,Jamesside,Pennsylvania,62797,-144.803622,-61.834496
Melissa Ryan,36,386 Susan Via,East Michelleburgh,New Jersey,16607,-108.995200,-76.3942795
Matthew Parker,56,91104 Vega Valleys,Smithshire,Delaware,16650,43.733685,70.295353
Brittany Massey,37,483 Susan Highway,Lake Hunterburgh,South Carolina,13305,-114.710917,2.2815755
Thomas Lopez,79,9244 David Crescent,Patelfurt,Alabama,95868,165.150174,30.297179
Jose Jensen,21,74459 Fernandez Inlet Apt. 502,Tinaton,Vermont,69846,-100.513644,17.344298
Kristen Riley,25,776 Gardner Squares,Lake Isaac,Idaho,30630,61.564966,80.3170455
Kerri Douglas,20,901 Cook Lane,Courtneyburgh,South Dakota,51187,-12.244973,21.8398835
Dennis Villanueva,41,014 Watts Haven Apt. 528,Scottview,Ohio,06161,-36.501418,-42.8996325
Christopher Smith,65,4035 Harrison Underpass Apt. 481,Lake Sarahshire,South Carolina,53269,-86.772772,41.1518335
Ashley Hernandez,31,3805 Carter Summit,Taylormouth,Nevada,05374,132.043236,-52.1925315
Christine Dodson,41,680 Thompson Trail,Lake Michaelburgh,Kansas,01184,-18.795397,-17.0481425
Janet Dawson,36,49858 Lynn Extension Suite 092,Andrewport,Wisconsin,39215,-179.096733,25.7921985
Jessica Neal,55,21429 Norman Forge Apt. 324,Saraton,Washington,45067,9.966340,39.718621
Cory Townsend,25,074 Wilkins Street,West Jay,Wisconsin,79044,30.965315,82.872534
Maria Barton,45,944 Schneider Ways,New Christopherton,Pennsylvania,71480,36.046806,-23.1886875
Angela Mills,34,996 Emily Extension,Toniview,Maine,28671,-106.233838,-2.6479245
Melissa Morales,34,601 Turner Brooks Apt. 545,East Tyler,Louisiana,02235,-87.094378,-27.427837
Michael Wallace,25,70877 Curtis Vista,Keithburgh,Georgia,04616,147.727972,-53.6847395
William Adams,30,8312 Sandra Crossing Apt. 039,Humphreymouth,Alaska,35964,45.994578,-43.3354765
Michael Mills,51,484 Davis Mountains Suite 783,West Paulland,Kentucky,58678,1.061650,-14.0241435
Kevin Hill,61,380 Stacy Trail Apt. 606,Wiseborough,Wyoming,71166,-146.473107,-40.1521315
George Perry,67,969 Sabrina Cliff Suite 405,South Sabrina,Wyoming,36317,-165.022290,78.850942
Kevin Davies,34,8613 Harper River Apt. 487,Scottchester,Texas,07748,-121.731044,48.342456
Martha Rocha,19,85176 Scott Hills,West Franciscoland,North Carolina,68675,15.944573,10.656658
Amber Dickson,66,4215 Shaw Extension,Jillview,New York,24988,-91.887722,47.171999
Ashley Hernandez,77,9673 Lara Light,Garrettville,North Dakota,58207,103.989132,-43.504407
Stacey Walsh,71,245 Hannah Viaduct,Steveview,New Mexico,18069,-99.646135,40.280607
Shirley Smith,28,760 James Neck,Thompsonberg,Alabama,38225,2.891799,-72.3114795
Richard Anderson,73,964 Jeffrey Stream,Mooreside,Wyoming,69452,43.122085,-45.5029655
William Henson,79,24955 Hernandez Springs,Riveramouth,Colorado,44124,-3.005645,-28.175541
John Harris,59,5954 Susan Mall,New Aimee,South Dakota,35080,-35.341985,-54.3057725
Adam Hernandez,32,6005 Myers Mount Apt. 590,East Edward,Georgia,84960,130.342118,43.7082525
Samuel Vasquez,47,50382 Jenkins Loaf Apt. 727,Lopezbury,Indiana,70027,142.946228,-32.367209
Lindsay Roy,38,94576 Marissa Mills,New Nicole,Missouri,38442,-25.935950,35.890281
Christopher Silva,27,15491 Gray Knolls,Ramirezville,Nevada,78726,-71.097940,-67.4770615
Diana Harrison,59,77784 Jessica Causeway,Rhondaborough,Rhode Island,95382,46.801151,-81.521074
Mathew Davis,69,165 Watkins Lane Apt. 585,West Kennethview,West Virginia,72339,100.483145,82.781389
Benjamin Leonard,63,23120 Nicholas Mount Apt. 536,South Stephanie,Mississippi,92546,168.168655,-49.357048
Mark Hernandez,18,4644 Hanson Dam Suite 601,Jamesborough,Idaho,94086,-135.268865,1.4156125
Joshua Davis,51,148 Bruce Crossing,Alisonview,South Carolina,62919,50.851888,-18.2500795
Mark Patterson,53,3860 John Circles Suite 840,Port Michael,Delaware,56497,26.959125,19.5427525
Patricia Lowe,51,01414 Ashley Valley,Leahbury,Michigan,82121,105.666270,-29.279084
Amber Butler,58,385 Jeremy Path Suite 887,Andrewsmouth,West Virginia,00696,14.262708,-77.0748775
Jonathan Roth,63,7134 Dakota Ways,Francoville,California,72850,79.416657,-63.2708985
Rebecca Chapman,24,6800 Morris Highway,Chapmanfort,Kentucky,77455,-44.408180,-22.693324
Michelle Wilson,41,68405 Patrick Heights Apt. 175,Margaretbury,Oklahoma,40866,18.594187,22.157737
Wayne Morse,48,2770 David Ways,Geraldberg,Utah,11017,103.142832,75.551753
Barbara Soto,47,19037 Schmidt Pass Suite 202,Rebeccaberg,South Carolina,73105,-53.363874,19.4436835
Jorge Barnes,40,31847 William Locks Apt. 110,Michaelland,Oklahoma,38694,-7.090399,49.351967
Paul Spears,54,117 Summers Throughway Suite 441,West Matthew,Montana,12870,-49.676407,-23.9027395
Michele Martinez,38,406 Kenneth Canyon Apt. 870,South Richard,Rhode Island,56879,72.675509,37.8548925
Brenda Velez,61,028 Vincent Parkways Apt. 258,Suarezshire,Nebraska,44570,40.439509,77.9478645
Mr. Melvin Hernandez,24,78772 Joseph Cape,West Rebeccaview,Maine,17500,165.816549,28.2568565
William Trevino,48,45253 Robert Inlet Suite 093,Whitneyton,Missouri,03829,-154.490827,-78.648376
Mark Brewer,40,736 Bruce Extension Apt. 882,Parkerville,Louisiana,96200,-42.247773,-1.923055
Scott Wang Jr.,61,9622 Brandy Point Suite 320,New Mark,Ohio,40375,110.883672,54.765448
Scott Newton,37,18608 Lang Keys,Davidsonfurt,Hawaii,23818,-143.628715,-52.7816805
Katelyn Morrow,77,1474 Rice Common Apt. 489,Josephville,Virginia,86210,-83.113175,62.8158225
Richard Strong,63,07752 Jackson Land,Williamborough,North Carolina,07631,109.321223,-19.924831
Jody Dyer,65,379 Danielle Spurs,Port Jennifermouth,California,13702,-108.505607,21.7702995
Alejandra Rodriguez,68,84314 Thomas Plaza,Jessicabury,Kansas,21206,99.434561,-53.3167415
Dustin Ball,78,179 Morgan Rapids Apt. 668,West Bradley,Arkansas,49495,123.053453,-15.112473
Jennifer Cobb,62,161 Darlene Trafficway Suite 430,South Kenneth,Utah,27378,-1.856090,-26.875404
Stephanie Lopez,22,10788 Castillo Way Suite 155,New Lisa,Arkansas,04925,159.607699,-38.8714045
Lori Obrien,25,421 Taylor Knoll Apt. 261,East Andrewberg,Ohio,67417,67.729955,-61.2176585
Elizabeth Jefferson,28,766 Jimenez Overpass Apt. 731,North Susanborough,North Carolina,41744,4.154877,-30.2441995
George Henry,52,4624 Timothy Landing Suite 577,Michaelstad,Vermont,63668,158.802932,55.470585
Richard Lee,25,9107 Shannon Village,Angelaville,Arizona,59233,145.069622,1.363235
Misty Jackson,33,4156 Paula Springs Apt. 753,Simpsonport,Virginia,55041,169.553533,29.0323685
Alison Noble,31,83689 Gomez Rapids Apt. 226,Marshland,California,62827,-13.904201,-18.810209
Krystal Jones,62,1218 Jackson Vista Apt. 406,Benjaminhaven,Mississippi,86795,85.380955,24.734253
Grant Brown,45,6909 Nancy Centers Suite 829,Lunahaven,Tennessee,85678,164.585798,-46.246906
Leslie Rodriguez,79,240 Scott Cove,New Patriciaport,Colorado,65585,-79.197142,83.9549935
Cindy Harvey,49,722 Thomas Club,West Jonathonfort,Minnesota,82634,-57.017617,30.047385
Charles Washington,32,522 Davis Via,Peterston,Washington,25105,-129.213522,-81.875224
Patrick Bridges,43,6330 Christine Stream Suite 888,Leehaven,Missouri,01181,48.854143,-74.402146
Trevor Mendoza,74,82750 Williams Harbor,Port Logan,Idaho,16094,-145.499830,-8.725692
Steven Nelson,19,996 Shane Rest,New Jenny,Minnesota,25584,-136.241119,4.135460
Amy Hayes,63,139 Kendra Overpass,Miguelport,Nebraska,29968,42.813089,65.9570015
Gregory Garcia,56,36170 Yoder Circle Apt. 222,Amyville,Kentucky,49276,156.781600,5.3772645
Michelle Phillips,33,08344 Lucero Rapid Apt. 811,Pamelabury,Pennsylvania,76630,151.202240,-39.647540
Sarah Blake,62,724 Patrick Forks,Port Michellechester,Maryland,55152,72.424731,6.5199635
Maria Farrell,46,25083 Louis River,West Garyview,Iowa,34561,158.004748,45.7602875
Victor Fitzpatrick,19,214 West Trace,Jasonchester,New York,12311,34.927531,-0.5382105
Amy White,75,756 Harper Flat,Clarkfort,Massachusetts,54983,1.068139,88.873658
Lucas Anderson,38,171 Lauren Terrace Apt. 492,East Jason,Arkansas,26252,177.606051,-3.552396
David Daniel,45,49574 Tina Parkway Suite 932,North Angelberg,Iowa,36933,-49.577756,-48.1969085
Shannon Chavez,59,180 Salas Flats,West Brian,Alaska,21372,-71.257554,-56.193922
Chad Cummings,42,82107 James Crescent,South Sabrinaburgh,Wisconsin,01229,-6.901140,17.7262825
Elizabeth Henry,76,428 Johnson Squares,Timothychester,New Mexico,90898,-107.777075,25.4518805
Michael Smith,49,7203 Johnson Points,New Mason,Georgia,47724,-40.256293,12.7025355
Barbara Rodriguez,34,5720 Francis Spur Suite 725,North Michael,Texas,16077,163.253128,36.8596585
Lauren Jones,55,8673 Lopez Trace Apt. 099,Lake Shannon,Texas,55324,132.472717,-71.5740895
Rebecca Martinez,21,02064 Michelle Prairie,Brettview,Washington,95264,-28.079037,79.177973
Edwin Trujillo,61,0286 Williams Heights Apt. 550,North Feliciatown,Massachusetts,28627,53.970366,18.852550
David Gill,32,154 Stephanie Vista,Ambershire,South Dakota,61601,127.438743,-32.7485585
Kevin Aguilar,38,148 White Crescent,West Johnny,New Hampshire,23832,-146.669811,-9.398891
Earl Willis,76,424 Allison Motorway Apt. 954,Tuckerfort,Alaska,44154,120.683910,53.918591
Renee Hamilton,78,06734 Joe Knolls,West Lisaburgh,Alaska,81976,96.501265,24.0117735
Kenneth Thompson,60,988 Mcdaniel Mountains Apt. 996,Taylorside,Colorado,09257,80.842837,81.519748
Jessica Stephens,27,713 Steven Run,South Matthewmouth,Missouri,80935,-172.374358,-20.0328275
Brandon Baldwin,53,6296 Daniel Lights Apt. 403,Prestonport,Alabama,55075,-136.137399,-66.6850225
Ryan Taylor,47,94293 Veronica Viaduct Suite 167,East Jameschester,Wisconsin,20209,-2.734836,74.918555
Jessica Galvan,30,01896 Mason Overpass,Garciaville,Alabama,33887,-137.700786,-47.1241145
Caitlyn Quinn,65,16445 Schmitt Springs Apt. 106,South Nicole,New York,55893,77.322603,-77.979440
Brandon Lynch,19,758 Aaron Avenue,Lake Michelle,Kansas,69214,168.527078,-20.5404755
James Oconnor,47,1652 Mary Mountains,Fordton,Nebraska,35291,71.262669,79.3577635
Michael Arroyo,60,2106 Brianna Fields Suite 304,Port Peterfurt,Alabama,18298,104.029812,3.648371
Michael Miller,29,44629 Bryant Inlet,Chrisport,New York,39795,127.963167,-3.6382345
Ryan Mcpherson,36,648 Michael Underpass Suite 271,West Yvetteborough,Oklahoma,88967,-149.726312,75.448652
Lori Kennedy,34,5400 Margaret Stravenue Apt. 939,Justinport,Utah,88780,81.902932,87.7078875
Christopher Holt,73,6836 Andrew Island Suite 604,Tracietown,Alabama,15128,-60.017699,41.751292
Nicole Richmond,59,23748 Ellis Park,Lake Charles,Idaho,55593,79.727813,-60.8244965
Melissa Campbell,74,2597 Morgan Park Suite 877,North Shannon,Iowa,84718,52.493321,72.5400325
Matthew Cook,41,727 Matthew Light Suite 510,Craigville,South Carolina,49335,60.244022,-84.424351
Leah Duncan,58,5397 Carly Isle,Thomasburgh,Idaho,34213,-84.545406,-85.360422
Courtney Campbell,80,1820 Bennett Fords Apt. 926,Millerhaven,Vermont,91339,-133.571430,35.412668
Brianna Martin,63,14001 Goodman Shore,Benjaminfort,Florida,17610,-26.623512,-36.9038165
Lori Singh,19,03970 Edward Port Suite 375,Julieview,Illinois,85874,-65.389129,26.525052
Taylor James,60,992 Mitchell Highway,Lindaview,Iowa,29447,-112.382845,27.5954025
Chad Perry,52,7390 Debra Ferry,Port Elizabeth,New Jersey,33976,-126.157084,26.363457
Mckenzie Kelly,47,18518 Alicia Fort Suite 310,Reneeside,North Carolina,44318,-66.901186,-53.4784555
Amy Hutchinson,49,847 Williams Pines,West Jamesport,Illinois,17541,-46.895567,45.466606
Bridget Hubbard,40,596 Owen Loop,Huangbury,Nevada,50966,73.829767,-39.7935645
Dr. Margaret Ramirez,52,4221 Mcknight Underpass,Hernandezborough,Arizona,21566,164.635798,-9.954686
Karen Martin,62,576 Gregory Club Apt. 352,Malikbury,Nebraska,74818,-9.380231,82.1893625
Ian Calhoun,41,106 Carla Mission,Gonzalezberg,Pennsylvania,88411,30.592479,-18.551468
Andrea Taylor,23,7429 Drew Viaduct,New Alexis,Utah,57251,89.474591,-38.5267415
Edward Spencer,65,35827 Russell Grove,Amandaburgh,Georgia,28667,-44.561383,66.837857
Diana Booker,47,38699 Kevin Stream,Lake Paul,New Mexico,59063,-139.216065,45.954870
Rebecca Brown,68,5474 Russell Coves,Stevenville,Connecticut,99111,-108.713337,-47.537206
John Paul,21,53103 Barber Springs Apt. 064,Lake Johnathanside,Maine,38793,-168.569440,66.845546
Eric Baker,57,353 William Crescent Suite 981,New Joseph,Maryland,43106,-103.363817,-55.163080
Erica Stokes,43,90918 Erin Ways Apt. 158,South Katelynmouth,North Dakota,93441,39.261597,47.0591395
Emily Trujillo,44,5477 Latoya Walks Apt. 639,East Andrew,West Virginia,04467,-8.068961,0.784978
Daniel Fowler,66,6231 Monica Mountains,Port Alexander,North Dakota,14392,61.865396,76.148218
Rebecca Abbott,78,4614 Alvarez Groves Apt. 753,Georgeport,New Hampshire,08998,-41.450544,28.549161
Lacey Townsend,52,91158 David Garden,Hicksfurt,Missouri,43632,-90.937864,81.6817635
Barbara Hogan,53,06615 Marco Flats,West Wendy,North Carolina,84745,-102.861333,24.664829
Jason Hernandez,77,9645 Joshua Pine,Port Sarah,Massachusetts,06311,6.064229,28.781061
Thomas Grimes,65,71155 Gordon Coves Apt. 455,Meganton,New Mexico,24029,-107.495113,63.9018075
Bethany Wilson,58,53478 Robinson Plains,Bergmouth,California,76185,-109.423497,62.027436
Sarah Hancock,52,8536 Chang Run,East Gail,Arkansas,44311,136.738751,36.5799295
David Glass,56,74246 Jessica Oval,Swansonside,Hawaii,42254,171.332296,-43.2064405
Stephanie Hendrix,25,75421 Kelly Route,North Justinchester,North Dakota,06870,22.411981,48.527505
Anthony Walker,75,0935 Kevin Tunnel Suite 773,Seanmouth,Minnesota,64405,-140.726889,-84.3241635
Michael Butler,33,7606 Douglas Streets,West Roger,Alabama,48608,95.931459,39.0081515
Kelly Gonzalez,23,3523 Rivera Plaza,New Shane,Iowa,70421,130.809156,-24.5987755
Kimberly Gibson,51,92708 Ebony Route,Markston,Vermont,55545,113.557084,-83.670772
Christopher Alexander,75,85436 Evans Mills,West Barryview,Idaho,82925,18.239292,-2.958290
Clayton Ford,44,782 Heather Stream,West Gabriel,Illinois,04901,46.057002,46.658207
Christopher Steele,66,733 Michael Pine,South Loriside,Indiana,54283,106.073184,5.7985605
Robin Dillon,58,1952 Guzman Pines,New Thomasview,Iowa,60262,-129.876938,69.8331375
Michael Snyder,54,898 Holmes Vista Suite 639,South Victortown,Mississippi,79908,-46.581505,30.3394615
Samantha Harris,19,061 Lawrence Canyon,Lake Rachel,Nevada,47385,172.589184,-81.472138
Angela Snyder,29,19292 Cheryl Motorway Suite 433,Elizabethfort,Indiana,66479,28.188062,-17.234009
David Frazier,25,02106 Barrett Knoll,South Jacqueline,Kansas,88753,-81.594063,46.8170975
Kyle Carter,49,65623 David Crest Suite 265,Masonhaven,Nevada,35782,-138.455941,-27.749378
Patrick Bean,71,22103 Ashley Cliffs Apt. 018,Lake Marcus,Minnesota,42391,42.674694,-27.612100
Annette Wilcox,58,4137 Regina Trail,North Dustin,South Carolina,89501,176.855485,-87.706393
Daniel Robinson,78,2158 Walter Locks Suite 367,Schmidtville,California,87485,-158.203552,-68.3927245
Anthony Jones,78,5183 Walker Corners,North Marioview,Florida,41113,-98.406107,-3.0033295
Robert Rodriguez,58,8039 Brady Track Apt. 915,Romanfurt,New Hampshire,00894,21.756225,11.6662875
Melissa Schmidt,80,561 Kara Course,Jeffreyton,Washington,44185,-126.899647,62.767146
James Phillips,21,648 Love Pike,Kimberlychester,Delaware,56146,-50.607490,84.4757055
Jonathan Gonzalez,72,33784 Torres Port,West Alyssaville,Iowa,70775,-58.459635,1.9557695
Joseph Carpenter,73,061 David Villages Apt. 990,Sandovalfurt,Michigan,70096,178.925552,-62.620486
Daniel Briggs,68,0086 Moran Valley,New John,Maine,76144,-148.931845,-25.4982895
Lisa Flores,41,34557 Johnson Cape Suite 470,Brianburgh,Iowa,16856,-16.011934,2.248893
Megan Tapia,22,3597 Howard Fort Apt. 042,West Jacob,Utah,41810,131.539652,9.737189
Kenneth Fields,24,6026 Meagan Stravenue,Port Crystaltown,Connecticut,62496,-107.912482,-39.683813
Christopher Hughes,60,9323 Jones Light,West Mercedesport,New Hampshire,52971,59.832816,55.6265165
Christopher Martinez,72,63779 Joel Forge Suite 799,Kimstad,Mississippi,53291,132.877686,77.106105
Becky Oneal,57,75707 Garcia Dam Apt. 256,Jenniferstad,Pennsylvania,12427,16.829012,-5.085470
Maria Garrett,20,074 Margaret Causeway,West Steven,California,11656,104.493292,45.2794895
Christopher Lynn,53,6806 Robert Turnpike Suite 179,Martinezshire,California,04321,-3.649736,-44.729211
Lisa Maddox,77,217 Rebekah Trafficway Suite 327,Robertstad,West Virginia,54645,2.344683,-42.3991675
Christopher Peterson,28,2795 Wise Way,New Sheenaborough,Connecticut,11579,-65.849018,-74.4747465
Jonathan Jackson III,36,5815 Smith Ports,Fischertown,Mississippi,88842,-5.277902,61.004624
Stephen Johnson,73,6933 Kevin Flat,Rodriguezburgh,Minnesota,62562,15.896664,-37.847184
Deborah Jenkins,42,58406 Brown Islands Suite 232,Hicksberg,Wisconsin,24869,4.709349,-1.7367345
Christopher Johnson MD,34,8092 Tina Orchard,Brucestad,New Mexico,32635,123.971108,4.003879
Kristine Moore,36,820 Brian Lake Apt. 787,Hernandeztown,Vermont,99771,125.642554,-58.171722
Kari Lynch,25,920 Powell Park Suite 572,Port Kathryn,North Carolina,90130,155.904359,83.1793695
Michelle Arnold,79,61706 Moody Court,Gabrielaborough,Arizona,31036,159.558192,-23.803788
Jenny Levine,50,818 Allen Hill,Campbelltown,Nevada,64507,92.537716,-79.9837375
Tristan Kelly,64,1342 Riley Haven,East Oliviaside,North Dakota,55485,44.565033,79.872976
Erin Dennis MD,32,933 Woods Wells,New Ryan,Alabama,34675,149.761967,-75.7363465
Jessica Brown,59,604 Joshua Mission,New Sabrinafurt,Oklahoma,99113,-61.684401,-68.172989
Cathy Mcmillan,18,20369 Brandy Forges Suite 531,Jacobland,Alaska,96069,19.704669,-76.9580755
Natasha Grant,34,796 Burnett Mews,New Laurashire,West Virginia,21530,92.712983,-16.678623
Mark Davis,64,13079 Shane Ways,Annabury,New Jersey,79215,113.091187,71.7818325
Joseph Johnson,63,978 Tonya Track,Beltranfort,New Mexico,21617,-5.285418,54.3920505
Diana Wood,20,07287 Bruce Crossing Suite 093,North Kathleen,New York,44148,-122.743678,17.8859455
Keith Dillon,33,8198 Krista Bridge Suite 519,Jakeport,South Dakota,67163,122.158362,-67.162320
Anna Grant,53,73535 Jason Divide Suite 006,Jamesville,Maine,93344,36.905687,65.8721545
Alexander Green,34,8389 Bowman Well Apt. 428,North Natalie,Louisiana,26456,49.865574,76.6465695
Elizabeth Hamilton,26,765 Ramos Circles Apt. 209,Gardnerborough,Oregon,57295,-158.170142,83.3240295
Sarah Cortez,68,0797 Shepard Field,Duketon,Alaska,05882,-93.721556,78.1778355
Susan Marks,18,0538 Nelson Brook,Lake Taylor,Montana,94463,129.534140,74.173716
Dakota Moody,23,9108 Young Fields,West Albertshire,Ohio,47882,133.704328,-63.961562
Jessica Hogan,18,695 Lewis Parkway Apt. 123,Port Sharon,Minnesota,41072,166.591648,-10.329648
Dennis Gross,65,507 Jon Isle,Lake Aaronborough,Pennsylvania,58454,106.163020,-53.1681465
Teresa White,26,14000 Brian Wall Apt. 812,Mcmahonchester,New Hampshire,22029,129.231933,1.1924715
Robert Johnson,37,1215 Randall Burg Suite 895,Vincentmouth,Florida,65094,-2.702834,-77.7005585
Donna Holden,52,85878 Amanda Via,Sanchezburgh,New Mexico,77436,-113.202137,-40.2197205
Tiffany Martinez,80,644 Nicholas Road Apt. 960,New Sarahfort,Nevada,93973,108.272140,-88.267397
Michelle Dawson,43,922 Dawn Trail,West Shawn,Missouri,67517,-150.106733,63.9128695
Jeremy Thomas,38,76524 Lauren Circles,Perrystad,Alabama,21907,8.551418,-44.0351355
Joseph Sanchez Jr.,69,075 Blair Track,Port Virginia,Ohio,70969,-114.480396,-42.901736
Zachary Smith,24,642 John Isle,Stevensonmouth,West Virginia,18560,31.656891,-87.980670
Brian Ramirez,78,3930 Lisa Orchard,Christopherview,Louisiana,23538,-55.628115,70.366868
Shannon Reid,74,7282 Reeves Flat Apt. 736,West Gracestad,Mississippi,51551,-91.085548,-10.6656845
Wesley Duffy,36,00722 Burke Grove,Jacksonstad,Nebraska,15998,167.771385,63.2115825
Felicia Oliver,55,780 Hurley Fort,West Amanda,West Virginia,68280,-25.080701,-53.9177115
Brenda Osborne,27,815 Bowen Rapids,New Michael,California,90820,-178.100707,30.863568
Michael Parker,39,09331 Kelley Row Apt. 188,Melindashire,Rhode Island,04416,123.507141,58.587652
Sabrina Douglas,42,4341 Amy Squares,West Cody,Florida,53495,-65.177363,31.102661
Victoria Gonzalez,41,9840 Daniel Common Apt. 778,Port Maria,Tennessee,95940,-152.641528,-44.5061115
Kevin Garrett,56,867 Walker Fields Apt. 500,Graystad,Colorado,52135,-153.057591,-53.2869305
Samantha Duarte,38,4005 Rios Gateway,Lake Daniel,New Jersey,47844,-37.787574,-9.2656985
Mr. Willie Chapman,36,606 Jocelyn Circles Apt. 382,New Seth,Oregon,52136,-12.598069,-79.361631
Lori Griffin,46,31522 Jennifer Hill,Conleystad,Vermont,66631,40.696320,-45.368923
Jaime Bray,18,8119 Andrew Junction Apt. 257,Vickiestad,Illinois,75604,145.045159,-47.7751535
Matthew Gomez,37,09331 Harrison Ports Suite 554,East Melanie,Alabama,12824,-68.252729,0.5430345
Micheal Blankenship,59,997 Charles Park Suite 568,Hernandezville,Wisconsin,15266,-147.739645,77.7682855
John Woods,48,0237 Heidi Forks,New Anthonyside,Florida,70670,69.662673,3.1982595
Jamie Robles,62,374 Mcdowell Common Suite 378,Port Christian,New Jersey,01618,171.767245,-6.3639515
Annette Miller,53,21397 Robert Park Suite 874,Bethanyland,Maine,14972,163.907170,-4.7531555
Krystal Chavez,48,44234 Crystal Glen Suite 914,Port Brian,Nebraska,69533,9.066222,-76.6613045
Mr. David Wiggins MD,41,9736 Wanda Groves Suite 940,East Matthew,New Hampshire,42957,-32.774732,-77.117372
Eric Johnson,61,621 Pennington Divide,Veronicaton,Connecticut,30376,77.433816,52.5969155
Brittany Zhang,75,0299 Andrews Alley Apt. 483,West Jessicaton,Nevada,28319,60.959472,-46.313622
Jeffrey Gordon,69,811 Ashley Neck Suite 029,Sanchezhaven,Indiana,47197,-145.440726,15.147787
Mrs. Jessica Lewis,45,6071 Harper Loaf Suite 060,New Kathychester,Maine,35663,170.631922,78.690826
Thomas Mitchell,18,50513 Stephanie Summit Apt. 818,Aaronbury,Indiana,22479,-147.286522,56.9021975
Kimberly Henderson,56,241 Andrew Dam Suite 962,Morganburgh,Illinois,31318,121.845053,16.860991
Rebekah Gomez,60,294 Rebecca Station,Lake Michaelburgh,Oregon,75817,-21.549750,84.6075235
Jonathan Hart,76,5181 Wilson Lights,East Terrance,Alaska,91049,-127.077062,74.056059
Amanda Medina,77,987 King Roads Apt. 430,Susanshire,Tennessee,89240,122.370138,-20.932349
Derek Patterson,39,65956 Cheryl Row,Port Tyler,Colorado,61322,-124.308068,-78.089015
Melvin Smith,27,5399 Scott Pass,Lake Timothy,Idaho,08186,96.990529,-81.6211225
Kimberly Wagner,51,3925 Phillips Way,South Jenniferfurt,Pennsylvania,44712,-11.567644,-50.9387895
Shawn Ford,33,101 Carrie Shoal,Lake William,West Virginia,60400,-39.364457,-10.477533
Sharon Garcia,32,7827 John Loaf,North Robert,Missouri,10406,-116.187551,67.7010135
Donna Armstrong,19,03956 Thompson Turnpike Apt. 203,Michaelmouth,Wisconsin,98116,143.544389,-11.504950
Michelle Olson,30,3193 David Estate,East Kevinhaven,Iowa,26174,-43.656424,-86.767582
Tanya Romero,29,80787 Sheri Drives Apt. 705,West Allen,New Hampshire,92372,41.299427,-57.6635515
Olivia Barnett MD,28,5741 Taylor Valley,Cathymouth,Arkansas,68154,71.672730,29.714362
Sheryl Blanchard,78,692 Baldwin Mountain,East Julie,Rhode Island,31451,-79.193669,46.9866405
Bruce Stevens,71,639 Neil Station Suite 114,Lake Nicholas,Michigan,53468,167.701410,51.7773035
Valerie Smith,61,5228 Cook Wells Suite 308,Reyesmouth,Minnesota,06458,98.888815,33.072552
Nathan Jimenez,77,37069 Megan Prairie Suite 132,West Kathleenfurt,Maryland,61492,-167.289392,-33.4742035
Kayla Riggs,60,58779 Dennis Lakes,Millertown,Illinois,25702,91.355269,-21.199253
William Bailey MD,20,4357 Jeff Mount,Christopherville,Florida,38076,51.180057,-57.2396995
Melissa Gordon,80,63863 Megan Camp,Jeffreyview,Utah,87697,49.206360,11.7539985
John Evans,29,10195 Justin Circle Apt. 709,Deanview,Nebraska,93795,-133.075737,-25.5025915
Lindsey Giles,49,23210 Jennifer Corners,West Williamberg,Missouri,04395,53.760828,85.1144475
Anthony Marshall,78,456 Stephanie Plain,East Tony,Pennsylvania,77195,59.268642,55.0802915
Logan Howard,65,311 Tiffany Forest Suite 404,Oliverbury,Washington,22492,93.770208,79.811242
Christina Dean,78,31750 Williams Junctions,New Christine,Georgia,80861,12.911926,16.8560755
John Chang,26,30271 White Fords,West Tiffany,New York,64719,-91.140711,26.885441
Emily Alvarado,38,373 Greg Ville Suite 816,Port Keith,Nebraska,97086,62.441777,-10.254435
Christopher Allen,57,46846 Leah Mills Suite 091,Jimenezmouth,Georgia,14140,32.322866,-9.9842975
Meghan Holmes,30,948 Miller Meadows,Rebeccaland,North Dakota,59525,57.008614,-84.480533
Jimmy Rowland,66,9414 Copeland Rapids Apt. 649,Susanborough,Washington,27012,57.010049,-30.691093
Jonathan Stewart,72,52152 Lester Street,Sotohaven,Connecticut,35461,-106.382231,10.743079
Alexandra Hill,31,0344 Webb Gateway Apt. 733,Meadowsview,Illinois,67830,-9.571469,58.765193
Diane Lambert,59,19689 Joseph Path Apt. 163,Port Sydney,Alaska,31136,-13.170485,-49.401299
Kristina Duncan,29,83431 Roger View,New Derek,Wyoming,22954,-121.002177,20.751756
George Ortega,61,6729 Casey Squares,Lake Richard,Vermont,08895,47.358942,-89.9702055
Sharon Mcintyre,67,56456 Alicia River,South Tammyport,Alabama,70852,179.971133,-62.992102
Clarence Galloway,63,878 Douglas Wells Apt. 334,Lauraborough,Nebraska,34609,119.214852,5.892320
Jessica Blair,49,338 Browning Field,Andrewbury,Tennessee,55507,170.229421,49.376204
Rachel Charles,44,611 Adams Fall Suite 951,Samanthaview,Idaho,39804,-65.140195,-25.4274065
Kim Moore,38,9752 Daniel Neck Apt. 729,West Taylor,North Carolina,03094,56.060749,-83.2863515
Robert Beard,57,569 Crystal Lake Suite 015,South Michael,Nebraska,53849,164.053228,-28.1886525
Thomas Smith,53,17970 Samantha Hill Apt. 926,Perrytown,New Hampshire,04630,-51.360120,-61.407912
Laura Zhang,77,2045 Amber Street Apt. 484,Victoriafurt,Washington,21947,123.999253,-20.413092
Katherine Miller,45,17878 Sharon Freeway Suite 650,East Davidstad,Indiana,47532,124.024464,-83.1128875
Scott Glover,71,00645 Katherine Falls,Charlesstad,Rhode Island,41841,6.588012,13.043764
Jerry Ross,47,0049 Sandra Square,New Randy,South Dakota,26684,56.628715,30.810475
Rodney Brown,76,3014 Ricky Glens,North Nicholasview,Colorado,63025,177.259825,25.527182
Michael Gonzalez,43,5833 Robertson Crest Apt. 905,Schroedertown,Kansas,62330,44.611813,-71.583819
Michael Ochoa,23,225 Michael Brooks Apt. 965,Weaverchester,Texas,91164,-104.926893,-31.2534695
Deanna Jackson,59,991 Payne Greens Suite 512,North Rebecca,Rhode Island,03474,-80.500539,49.5481655
Tracy Bailey,49,9038 Michael Prairie Suite 740,Cruzmouth,South Carolina,87490,42.655266,24.5940925
Mary Davis,49,5477 Betty Falls,West Erinhaven,Idaho,12053,-85.519920,51.036617
Robert Nash,38,972 Morton Bypass,North Kristine,Montana,76467,-165.768270,-16.061774
Nichole Donaldson,75,7820 Farmer Cliffs Suite 655,Danielsland,Vermont,01200,-35.756259,-70.7367465
Catherine Hansen,24,56443 Cardenas Mall Suite 655,Hilltown,Wyoming,40375,-142.541180,18.969760
Linda Mullins,71,84247 Davis Meadows,East Lauraland,Virginia,13484,-2.049119,25.500219
Michael Howard,58,102 Reynolds Trace Suite 891,Nielsenland,Rhode Island,47170,140.316441,1.2271955
James Moran,49,15647 Rodriguez Course,Robertport,West Virginia,08052,-117.788343,-32.1137045
Jo Horn,52,354 Monroe Circles,Hancockshire,West Virginia,51635,138.239085,-16.336990
Darryl Douglas,61,15948 Jason Groves Suite 833,Amystad,Connecticut,98881,-3.828899,85.1554315
Robert Crawford,43,6568 Gloria Street Apt. 595,Allenland,Colorado,76725,113.350690,-0.735543
Jesse Johnson,33,52285 Mckenzie Prairie Apt. 436,Lake Arthur,Idaho,62422,-121.029926,-79.929444
James Garcia,51,188 Lopez Ramp Suite 596,South Tanyahaven,New York,55232,-107.198823,52.653253
Eric Johnson,26,36207 Ramirez Cliff,Lake David,South Dakota,28807,-83.058751,80.1023925
Briana Newman,32,504 Contreras Pass,East Robertmouth,Kansas,82449,-99.352970,2.322034
Erin Lynch,23,0902 Vasquez Cove Apt. 748,Leeshire,West Virginia,15233,18.374214,6.7482125
Laurie Green,34,322 Cannon Haven,Paulaborough,Alabama,86951,-173.214936,58.2951175
Nicholas Wolfe,48,58997 Cole Street Apt. 909,Danielhaven,Colorado,41958,-85.230082,-43.467204
Crystal Evans,54,04161 Hayley Wall,Salazarberg,Connecticut,71259,137.362382,81.6628225
John Valdez,55,2581 Chelsea Stravenue,Taylorland,South Carolina,48569,124.939144,2.376096
Ricky Lawson,69,46194 Wiley Meadows Suite 273,Abbottview,New York,64528,132.037540,-5.302321
Robert James,47,90434 Cynthia Passage Suite 537,North Amanda,Alaska,32589,21.140344,79.134239
Jay Oconnor,64,248 Davis Court,Sharonbury,Colorado,26004,118.860058,-64.732711
Donald Clark,28,82263 Christina Forge Apt. 933,North Craig,Illinois,46772,23.585904,-63.974803
Chris Brewer,57,538 Kara Islands Apt. 096,Wilsonville,Minnesota,12848,-60.716476,-9.277917
Jacob Fisher,20,840 Nicholas Valleys,Ericland,Washington,84523,-170.943589,-55.1578675
Stephen Mcconnell,65,585 Fischer Field,Samanthachester,Delaware,99901,-25.384686,81.5987575
Angela Castro,35,4484 Vega Green,New John,Alaska,37729,-101.138775,-16.2435285
Michael Cummings,42,137 Jacob Highway Apt. 353,Port Julie,Hawaii,14431,-130.032513,-44.201832
Stephen Bryant,69,6009 Simmons Glen,East Anthony,Vermont,60901,-16.705788,-31.590591
Jennifer Rodriguez,50,20581 Nicholas Keys Suite 619,Lake Jacquelinechester,Arizona,80906,-124.187760,37.1942225
Karen Jackson,22,47770 Rodriguez Ports Suite 380,Jordanhaven,Alabama,64070,58.786921,-12.1773605
Dale Moyer,58,986 Nunez Lodge Apt. 256,Hannahhaven,Delaware,64047,168.946035,-49.924100
Kristina Snow,35,2118 Pacheco Valley Suite 602,New Haroldshire,Virginia,45432,80.499913,-3.921781
Crystal Brown,68,93125 Norman Ports,East Judith,Alaska,63118,151.405943,66.3779255
Jesse Pitts,61,942 Cameron Course Suite 753,Samuelland,New York,51285,-46.586156,66.8718705
Kimberly White,26,347 Christina Stream,Lake Jason,Wisconsin,58259,152.126376,-82.562416
Karen Morton,21,54340 Thomas Grove Apt. 925,Angelland,Mississippi,68431,16.377470,35.632635
Susan Pace,59,138 Jessica Loaf Apt. 565,New Eric,Indiana,25841,21.464613,83.234405
Brittany Stevens,40,371 Ryan Branch Suite 796,Port Kennethfort,Connecticut,39698,-65.021121,62.5979935
Kyle Davis,30,592 Wilson Ridge Suite 916,East Charles,Pennsylvania,12975,-61.779870,9.316698
William Weeks,54,850 Thompson Village Suite 480,Williamston,Nevada,80681,0.016245,-59.057183
James Rhodes,43,493 Thomas Hills,Pamville,North Dakota,09072,47.390342,-80.808844
Sheila Griffin,76,862 Lisa Fords Suite 589,Cassandrabury,Indiana,08641,39.218964,18.1433355
Sarah Baker,53,59733 Denise Union,New Josephville,Nebraska,08098,149.380534,-21.722138
Joshua Hanson,34,118 Lisa Vista Suite 074,New Ninaburgh,North Dakota,92647,-155.385946,19.6479595
Mallory Garcia,46,3746 Bethany Squares Apt. 799,Laurabury,South Carolina,17954,155.695443,15.518022
Randy Padilla,65,296 Elliott Rest,Landryberg,New Hampshire,17976,-20.126684,-10.7727775
Steven Ibarra,24,596 Stevens Divide,Lake Shawn,Oklahoma,93247,122.925538,-29.774582
Michael Sanders,57,53867 Hughes Grove,Anthonyfurt,Maine,47332,116.530018,-46.5997995
Raven Roberts,54,92662 Freeman Knoll,West Joshuaberg,New York,21837,172.379139,24.2366605
Cory Romero,42,9066 Paul Stravenue Suite 854,Mitchellville,Vermont,26137,120.653634,41.0408595
Joshua Watts,65,50437 Tammy Estate Suite 617,Lake Michael,Nebraska,85812,62.063599,-64.0095495
Scott Rivera,55,870 Johnson Stream,Joshuaside,Nebraska,86828,-41.495799,-80.508620
Bryan Scott,71,6297 Anthony Turnpike Suite 188,Port Daniel,New Jersey,35780,124.127625,-43.622223
Jennifer Villarreal,24,34026 Mary Curve Suite 194,New Erica,North Carolina,39703,175.783566,68.2620015
Anthony Anderson,38,5626 Morris Walk Suite 757,Cynthiaberg,Arizona,60442,80.090420,-67.327383
Ian Owen,29,62499 Perry Walks,Robertshire,Louisiana,62127,35.046056,20.0174435
Kyle Levy,59,171 Kendra Circles Suite 352,West David,Kansas,70699,-31.851981,-56.0834745
Brittney Woodard,24,0850 Schwartz Walk Suite 707,Walkerport,Indiana,86423,54.540824,-12.5333115
Miguel Benson,29,236 Kimberly Ranch Apt. 783,South Richardburgh,Texas,76625,-68.023434,-3.1813775
Kathy Vang,34,386 Evelyn Cove,Raymondburgh,Hawaii,94455,116.029183,-50.599232
Dylan Price,42,76196 Murphy Court,Port Micheal,Pennsylvania,29296,-171.662745,0.290035
Tracy Perry,39,72276 Michael Circles Apt. 229,East Douglas,Massachusetts,60417,54.799571,71.3694625
Wendy Robbins,71,41860 Hester Groves,Lake Jacquelinemouth,Nebraska,61865,29.050692,62.2142275
Andre Hernandez,23,4018 Martin Summit,Jamesstad,Oklahoma,61196,109.391595,46.9643815
Alyssa Lopez,40,8418 Nelson Plaza Suite 596,North Joshua,Idaho,86881,96.724813,-87.8243025
Anthony Briggs,36,36006 Brianna Inlet Suite 246,North Kevin,Missouri,82176,-178.965294,-81.095017
Kenneth Harrison,23,8242 Bates Expressway Apt. 739,North Dustin,Hawaii,73500,-44.313353,-42.0527015
Donald Morales,67,6085 Mindy Parkways Suite 470,Vargasbury,South Dakota,50549,99.277115,-36.601419
Amy Mccormick,59,425 Kelly Station,East Karenville,Connecticut,43243,-97.905040,-80.2615185
Carol Nguyen,57,46834 David Brooks,New Megan,Alaska,54245,-176.852202,-25.289769
Ms. Vanessa Moore MD,79,2777 Thomas Extension,West Logan,Arizona,38463,74.870456,70.257090
Stephanie Hamilton,78,242 Baldwin Extensions,Williamshire,New Mexico,94562,62.293651,-68.533061
Tammy Dixon,37,29034 Andrade Causeway,Elizabethberg,Maryland,18151,136.047796,31.2610965
Martha Bradley,35,482 Carly Plains,Kinghaven,New Jersey,62022,142.570812,2.0889365
James Smith,22,88533 Joshua Plains Apt. 728,Lake Markmouth,Missouri,77000,112.133307,-12.5622535
Elizabeth Smith,51,7350 Thomas Points,Valeriechester,California,45716,-46.286515,-10.4118955
Alex Jones,57,375 Vasquez Land,New Anita,New Jersey,13398,-170.211046,-7.1093265
Maria Thompson,47,594 Michael Streets,West Yvonneshire,Vermont,76595,-31.444197,60.804381
Michelle Klein,42,882 Paul Motorway,Stanleystad,Texas,40253,-77.900835,0.178413
Harry Hawkins,65,496 Daniel Islands Apt. 815,East Cynthiaborough,Mississippi,69668,1.582874,-18.143215
Brandon Jennings,53,187 Michele Spurs Suite 588,Hallstad,Alaska,39038,169.728047,37.722967
Brandon Reeves,25,465 Jones Club Apt. 631,Adamsview,Mississippi,71043,177.148246,82.3905145
Stephen Dixon,39,978 Jackson Villages,West Robert,South Carolina,36238,-43.666248,-48.4327435
Mark Hill,26,2872 Peterson Court,North Sherri,Alaska,85506,18.715385,38.486409
Robert Holmes,32,5154 Samantha Shoals Apt. 389,East Anthony,California,31711,-50.080254,-86.2010155
Melissa Salazar,52,8355 Dustin Hill Apt. 011,West Bettyview,Massachusetts,48828,-80.001481,-15.260999
Mark Ball,72,41832 Miller Lodge Suite 010,East Anne,South Dakota,47609,51.450726,1.7110015
Daniel Davis,54,48264 Thomas Ports Apt. 909,North Lindaport,Illinois,71769,47.820752,-83.2272035
Lucas Wiley,66,24197 Amanda Divide Suite 602,Robertberg,Louisiana,52857,52.802230,-6.481749
Sarah Greene,69,3993 Jones Rapids,Edgarberg,South Dakota,12522,-166.974061,57.8966055
Cynthia Jarvis,32,391 Jacobs Lock,Elizabethshire,Kentucky,57970,-54.171266,-74.632735
Wendy Evans,49,20513 William View,Mortonburgh,Nevada,96505,65.169047,51.2024525
Angela Walters,37,760 Vicki Gardens,Port Elizabeth,Rhode Island,69337,-116.341267,-73.7016325
Natalie Walker,62,954 Shepard Viaduct Apt. 700,New Michelleberg,North Dakota,45591,101.905546,-67.3777435
Clarence Thomas,67,8760 Johnson Viaduct Apt. 633,North Jenniferstad,Ohio,35021,41.383270,-43.8828425
Amy Gibbs,64,16966 Church Villages,North Kathy,Virginia,96544,-58.275433,62.4631255
Ricardo Sanders,46,776 David Trail Apt. 278,New Trevorfurt,Nebraska,18931,-134.203784,13.7348445
Gregory Diaz,80,2318 Michael Fields Apt. 969,Jamesberg,Illinois,35224,-47.754745,-19.4445605
Regina Newman,60,65339 Cunningham Mills,North Michaelside,Wyoming,05853,37.286475,53.924118
Perry Rich,71,8820 Petersen Haven Suite 964,South Danielberg,New Jersey,42476,16.992437,64.4635735
Kimberly James,19,348 Ellis Summit Apt. 589,Jaystad,Wisconsin,95632,14.119916,68.4245165
David Miller,74,0793 Crystal Grove,Michellebury,Florida,92579,-105.367008,10.115394
Jennifer Walker,78,225 Linda River,New Regina,West Virginia,38760,33.878905,-25.9102865
Julia Warren,42,1847 Simmons Well Apt. 293,Lamstad,Alaska,39453,-95.635755,-44.687164
Mia Dominguez,51,13322 Andrea Locks Apt. 015,Cervantesside,Alaska,91531,24.395409,-31.2275365
Harold Miller,42,1467 Hooper Parkway,Smithshire,Michigan,13631,4.119322,-80.1629695
Todd Dunn,71,3991 David Rapid,Turnerborough,Tennessee,78852,-40.271829,84.415312
James Cooley,22,4816 Wallace Freeway Suite 063,New Elizabeth,Maryland,48264,-157.733643,52.7474275
Erica Byrd,26,5962 Jennifer Parks,Isaacfurt,Wyoming,96940,-98.662293,-25.6479145
Joseph Chan,24,96018 Brown Shoal Apt. 779,Jessicashire,South Dakota,19174,-69.774437,89.888384
Ashlee Welch,36,063 Rivera Drive Suite 833,Karenland,Alabama,81413,146.618983,44.6225975
Lindsay Dennis,80,03693 Stephanie Alley Suite 219,East Valerieburgh,Nevada,21038,48.560092,54.740500
Kenneth Lee,73,77546 Pham Overpass Suite 781,Ryanville,Delaware,37468,-41.012124,-58.5769495
Virginia Hogan,79,48746 Tiffany Mount,Anthonymouth,Oregon,78710,-176.146308,-18.088097
Rick Monroe,61,8040 Robert Terrace Apt. 599,Millerview,Oklahoma,76274,-109.708474,-77.259335
Alisha Ortiz,67,658 Adam Isle,Judithmouth,Minnesota,10314,118.471016,47.592187
John Allen,60,095 William Brooks,Bryanton,Delaware,84800,-139.800891,-84.7667425
Brian Mitchell,59,60468 Jonathan Light Apt. 756,Barneshaven,Arizona,68325,10.082124,41.6443005
Lisa Vincent,19,068 Anna Hollow Suite 241,Johnsonstad,Minnesota,75319,-25.540088,-70.7806265
David Medina,19,76382 Brittany Camp Apt. 007,Katiebury,Washington,06003,-156.986413,65.630494
Lisa Herrera,31,0247 Mcgrath Point,Martinezchester,Missouri,93903,131.221640,-68.221795
David King,19,5589 Christina Mills,Lake Javierhaven,Texas,88923,-146.220162,41.5547565
Michael Lopez,37,0245 Alexander Knoll Apt. 393,Andersonberg,Idaho,73659,-173.906749,52.287670
Timothy Everett,42,4849 Richard Drives,Nielsenport,Florida,96066,142.299959,-47.026911
Anthony Murphy,48,1464 Benjamin Freeway Suite 302,Timothymouth,North Dakota,31624,-49.338654,-87.5220155
Robert Duncan,77,999 Rios Street Suite 813,Lake Elizabeth,Iowa,46104,-37.411193,34.311728
Jeffrey Sheppard,76,295 Arnold Field Suite 186,New Valeriefort,Alabama,92636,10.156063,-38.035805
Cesar Cox,44,899 Crawford Wall Suite 831,Robertberg,Hawaii,48596,-93.435219,-12.857887
Lindsey Davis,80,9636 Bianca Station Apt. 154,Wallaceview,Wyoming,46017,174.168241,66.7435735
Jonathan Huber,80,904 Joshua Turnpike,South Stephaniehaven,Oklahoma,31510,-89.203503,48.9474615
Kimberly Rogers,27,6096 Anna Crossroad Suite 588,New Beth,Rhode Island,01140,-7.334149,-69.295168
Ashley Tucker,66,14124 Megan Ville,East Danielle,Delaware,03849,-125.251244,73.0640115
Lisa Wilson,58,87531 Gill Summit,North Amber,Maine,84456,66.132124,-14.159822
Christina Tucker,48,0151 Hudson Creek,Nancyville,Hawaii,56143,138.091839,-8.071501
Daniel Cardenas,25,962 Mcdonald Hill,Wolfville,Texas,45797,158.973662,-74.0481805
Ashley Cook,39,144 Kimberly Trafficway,Williamshaven,Rhode Island,74667,147.783368,55.8822435
Carol Clark,79,2261 Elizabeth Spur Apt. 584,Leonardview,Indiana,19873,-51.122340,44.561919
Lisa Acosta,33,8337 Justin Villages,Lake Hannah,Oregon,50167,-60.484218,15.2645175
Amber Lee,47,4005 Francisco Circle Apt. 569,Bakerfort,Delaware,19512,-75.143814,-43.687266
Phillip George,44,853 Kristine Landing,Hannahshire,South Carolina,65302,147.131081,46.832987
Henry Ellis,56,247 Sanchez Expressway,South Nicholas,Indiana,36923,-140.467679,-71.346700
Jill Wilson,23,63108 Harrison Branch Apt. 995,Lake Andrewton,Nebraska,16908,-114.913132,10.3472195
Elizabeth Hancock,50,24216 Misty Mountains,New Christopher,Connecticut,17085,-85.241278,79.1195535
Darlene Thomas,25,5062 Martin Ford,Harrisonstad,Connecticut,50163,-62.246881,30.097780
Melinda Lewis,69,14310 Lambert Ramp,North Heatherfurt,New Hampshire,49105,-49.331110,-87.661097
John Armstrong,50,7093 Stephanie Corners Apt. 187,East Kimberlybury,Arizona,72173,93.901367,-19.7694335
Jennifer Dodson,74,54377 Davis Greens Suite 088,East Joan,New Hampshire,52470,44.036215,67.852346
Edward Wood,73,055 Diaz Skyway,North Scottfurt,Texas,82615,-44.710501,-32.0325425
Jennifer Edwards,57,759 Jill Greens,East Amberfurt,Mississippi,81417,158.946864,-28.655853
Angel Simon PhD,18,1483 Johnson Center Suite 158,East Nancy,Virginia,96276,38.041310,81.7290125
Miranda Lynch,38,82943 Martinez Mountain,South Amber,New Hampshire,38659,112.064372,2.001466
Tyler Young,25,311 Owens Alley,Vancehaven,South Dakota,76700,-14.230279,89.240934
Jaime Gonzalez,67,59330 Vanessa Overpass,New Karenborough,Minnesota,54619,-94.407083,-30.977504
Heather Smith,37,997 Yang Overpass,Jonburgh,Nebraska,60333,176.298108,-79.567143
Lisa Clayton,21,8623 Stevens Land Suite 291,Steventon,North Dakota,37928,91.752275,60.347035
Clayton Pierce,77,9001 Phillips Cliffs Suite 405,Ashleyberg,Vermont,15278,35.473381,-41.518952
Brian Holloway,64,978 Leslie Ports,Michaelmouth,Virginia,29345,-23.297288,78.4532025
Miss Lisa Garza,48,680 Cisneros Springs,Lake Sarah,Virginia,69950,-144.301613,29.9053145
Robert Brown,28,42643 Eric Fords,West Hannahland,Virginia,03659,177.102839,78.9082025
Ivan Williams,59,73571 Kelly Freeway Suite 270,Lake Robert,Colorado,61797,-31.579062,-78.247726
Craig Brown,21,2714 Adam Points Suite 188,Port Jason,Montana,54566,-122.741053,44.945801
Samantha Walsh,40,0686 Eric Row,Elizabethside,Connecticut,27618,173.717948,21.268843
Spencer Ayala,42,619 Zimmerman Parkways,Smithbury,Indiana,62111,121.726818,24.030044
John James,29,0060 Todd Hollow Suite 532,North Barbaraland,Kentucky,10351,-155.502715,-64.429863
Chad Rush,74,558 Lewis Street,New Markview,Delaware,28615,4.346544,62.6829175
Regina Boyd,58,72356 Rios Groves Apt. 440,South Michele,New Mexico,90696,151.780790,51.437102
Erin Benson,28,908 Ortiz Ramp,Victoriashire,Massachusetts,55007,-136.632466,-15.9887005
Christopher Alvarez,80,087 Martin Extension,Dianatown,Indiana,80792,-117.520592,-58.5448135
Emily Beard,23,393 Mcpherson Brook Suite 921,Stephanieside,Iowa,86919,-130.640179,-27.988305
Deborah Newman,54,854 Jason Brook,South David,California,55203,66.047628,-39.0423655
Jonathan Holmes,21,17104 Ibarra Union Suite 380,Lake Devinfurt,Idaho,33375,119.728880,21.6293935
Joshua Miller,35,55102 Herrera Stravenue,Davisstad,Indiana,92174,-114.508746,83.071812
Michael Gonzalez,79,4711 Haley Rue,West Karen,New Hampshire,74496,134.947843,-12.454249
Mark Smith,46,6468 Sierra Pass,Dominicburgh,Texas,35190,168.239273,-84.3170665
Steven Casey,53,99515 Caroline Skyway Suite 048,East Thomas,South Carolina,56835,-166.853308,85.762557
John Harris,41,197 Monica Isle Apt. 861,Port Elizabethview,North Dakota,22671,59.933065,32.208240
Nathan Greene,74,36847 Craig Neck,Carrport,Hawaii,82159,-40.117730,43.0607205
Julia Dixon,72,91685 Joshua Shore,Barrettfort,Illinois,64663,102.371252,48.368282
Jon Flynn,80,959 Emily Meadow Apt. 781,Raymondton,South Carolina,27976,157.906049,-11.3688765
Michael Hamilton,76,88257 Adam Stravenue,West Nicole,California,95140,161.127542,-70.820198
Michelle Bowen,34,19325 Hale Inlet,South Nicole,New Jersey,82233,-138.633714,-56.8275745
Dalton Hudson,46,16277 Shaun Crescent,Port Lisaview,North Dakota,55276,-13.607997,-45.0170785
Jack Brown,72,30790 Kevin Turnpike Suite 674,Luischester,Missouri,33919,86.529954,-21.712319
Ashley Houston,43,19532 Jamie Estates,New Amanda,Vermont,70176,85.637917,-26.4959955
Mallory Wagner,53,1239 Melissa Corner Apt. 768,Westberg,Maryland,69969,58.862914,38.5111935
Matthew Johnson,34,10263 Armstrong Ford,West Kennethview,Pennsylvania,77285,-30.293967,-74.096887
Jacob Bishop,80,1817 Moore Freeway Suite 604,Apriltown,Arkansas,54522,59.251125,-74.497269
Neil Stewart,47,7907 Jeffrey Villages,Port Kennethberg,North Carolina,29692,-35.918512,-4.177296
Robert Brown,52,30065 Christopher Trafficway,Whitefort,Vermont,83623,-30.567668,-66.121343
Michael Thomas,47,8587 Owen Dale,Davidhaven,West Virginia,88098,69.642822,-56.5381865
Tyler Medina,18,2253 Haley Turnpike,South Jennifer,California,39480,36.375655,-66.519773
William Zuniga,37,275 Clark Common,New Margaretfort,New Jersey,29796,-66.379825,76.7081165
Rita Willis,77,764 Mark Mills Suite 415,Jacquelineborough,Minnesota,47839,-81.440349,76.4491795
Allison Bradford,24,84554 Hawkins Spring Suite 130,New Johnmouth,Georgia,51699,75.489002,82.6806605
Michael White,38,95606 David Plains Apt. 546,Ryanton,Montana,57267,134.391540,-41.397961
Mark Hernandez,72,211 Davis Turnpike,Lake Anthonystad,Minnesota,11539,-139.824990,-51.6413865
Lacey Mack,53,0495 Riley Brook,West Rebecca,Nebraska,65732,-137.667009,55.919322
Cathy Silva,75,81692 Sandra Plains,Conradborough,Nevada,90807,-167.323283,-87.9319765
Sharon Jones,61,8277 Williams Circles,East Summerfort,Arkansas,23916,111.175607,33.847617
Matthew Williams,32,28216 Nguyen Forest Suite 937,Samuelton,Iowa,92412,-140.617135,72.026156
Sarah Johnson,39,295 Joseph Roads Suite 002,Castilloton,Connecticut,47600,68.240541,-29.2321645
Miguel Stewart,69,089 Maria Grove Suite 786,Michellemouth,Kentucky,86192,69.718587,12.263168
Ronnie Patrick,73,042 Victoria Causeway,Lake Adamland,Arizona,89248,141.163680,69.874948
Jacob Morgan,78,007 Collier Summit Suite 204,Alyssatown,North Carolina,19600,25.218793,47.5394795
Michelle Gonzales,40,72830 Amy Locks,West Deborahville,Idaho,29590,-130.742982,43.306982
Manuel Black,48,9123 Teresa Stravenue,West Charlotte,Montana,37218,-169.265277,37.1554485
Theodore Lopez,39,3822 Hernandez Roads Suite 339,South Christopherfort,Maine,52886,28.568202,-53.329069
Laura Krueger,21,04951 Amy Valley Apt. 518,South David,Oregon,20402,-59.134726,-43.3769385
Meagan Wang,63,340 Williams Lock Suite 584,West Laura,California,96347,89.391334,1.308351
Victoria Berry,62,522 Mary Spurs Suite 814,South Amyton,Oklahoma,37872,112.070822,14.095674
Melissa Brennan,78,51261 Troy Lakes,Reedhaven,Connecticut,32006,146.999892,-48.8183455
Erica White,53,4254 Aaron Burgs,New Bruceburgh,North Carolina,80510,-149.725050,20.014711
James Smith,66,47110 Clarke Coves,Calderonmouth,Idaho,78382,149.779695,41.082217
Jamie Vance,73,76325 Jeffrey Trail Suite 719,Erikaton,Wisconsin,01994,-2.599783,41.140031
Rebecca Valenzuela,64,368 Gray Avenue Suite 304,West Elizabeth,New Mexico,22478,130.267059,35.906840
Jason Butler,66,2990 Tammy Roads Suite 107,Lake Brian,Arizona,03809,148.868453,-28.633585
Mary Hart,63,067 Robbins Run Apt. 339,Morganhaven,Ohio,18319,12.652870,-59.9791645
Richard Harper,51,334 Elizabeth Glen Suite 892,North Garrett,Kentucky,36606,-81.041129,-83.9565865
Daniel Ruiz,71,8719 Andrea Skyway,Grantberg,Tennessee,56006,0.687892,-88.1579485
Cassandra Jones,31,71730 Harris Tunnel,Stephaniechester,Michigan,68999,65.075275,-16.438239
Natasha Booth,53,34988 Davis Mills,North Christina,Idaho,12245,-37.883012,-55.283733
Susan Knight,28,38370 Lee Ways Apt. 736,Christopherbury,Tennessee,92599,128.859728,77.107977
Jennifer Hood,43,03151 Patricia Isle,Jenniferville,Virginia,39564,66.458300,4.9438135
John Brown,39,67413 Frederick Tunnel,East Jenniferview,Illinois,32450,-38.999516,-17.233387
David Oneill,72,20285 Gutierrez River,West Natashaburgh,Vermont,69821,-44.961814,-27.2223685
Andrew Beard,60,64598 Ray Ways,Seanport,South Dakota,41653,-56.754369,87.970224
Lindsey Sandoval,54,15041 Timothy Crossing Suite 153,North Bradley,Hawaii,76893,-30.761266,85.3021025
Jennifer Holland,61,5025 Alexa Grove Apt. 032,Jessestad,Nevada,49401,-137.705974,-65.426298
Mrs. Deborah Riley,54,737 Brown Junctions Apt. 620,Port Ronnieton,Maryland,49106,135.941750,-58.044897
Miranda Kennedy,30,52503 Judith Mountain Apt. 190,Sandrachester,Alaska,42344,-149.675251,23.023490
Raymond Cook,40,588 Kerr Radial Apt. 263,Lawsonshire,Iowa,93530,-179.672124,44.1396005
Brian Osborn,42,280 James Knolls,Lake Loristad,Kansas,21899,-40.824545,-51.2206465
Samuel Wilson,27,1998 Danielle Springs Suite 942,West Mariahchester,Tennessee,55893,-170.299673,29.4907475
Lawrence King,74,8524 Tristan Overpass,Justinmouth,Connecticut,15299,60.661872,-35.6493545
Maria Howard,55,33587 Walker Stravenue,Zacharyborough,Nebraska,39353,-102.981049,69.937180
Thomas Williams,53,6113 Thomas Wall,North Dominiquebury,Tennessee,16096,147.965828,-72.2989995
Jennifer Torres,58,334 Hernandez Trace Apt. 803,Hallville,Pennsylvania,56977,75.437970,-8.299665
Mary Rivera,29,03270 Tyrone Field,Lake Mark,Utah,11236,-138.463259,-29.108881
Kelli Evans,71,8866 Smith Camp,Lake John,Louisiana,54567,-5.883173,-4.3025525
Brian Roberts,60,750 Thompson Trace,Lisaville,Alabama,97880,11.378986,34.453242
Eric Evans,44,526 Castro Viaduct,Natashamouth,Kentucky,87087,133.217740,71.542146
Timothy Peterson,64,419 Anderson Crossing,Powellport,Oklahoma,50879,49.837798,-55.036582
Jeremy Byrd,78,09604 Pearson Ports,South Frank,New York,57754,57.856533,-41.467154
Jaime Pacheco,52,53978 Park Square Apt. 416,Burtonview,Arizona,55998,96.614833,-75.7145735
Nicole Kirk,38,988 Michael Forges Apt. 009,Rogershaven,Utah,84770,-143.909648,-43.6897015
Mrs. Autumn Bell,30,881 Tommy Drive,Port Patricia,Vermont,72306,163.245916,-79.1651775
Jonathan Henderson,34,0550 Debra Mills,Andersonland,Louisiana,77245,-164.900252,-70.7196305
Chris Bray,45,5474 Douglas Green,North Donna,Washington,88039,24.248556,-25.308681
Sandra Duffy,70,357 Lauren Walks Apt. 548,Candicestad,Illinois,20491,-103.570700,-17.1353615
Douglas Turner,67,301 Fox Tunnel,Williamston,California,44105,51.326025,7.168691
Ashley Monroe,40,333 Linda Walk Suite 439,West Amytown,Virginia,66083,129.316581,3.883423
Jessica Villarreal,47,35873 Brittany Springs Suite 011,Fieldsfort,Arkansas,52035,-56.137492,-27.243086
Charles Jones,29,7411 Lowe Crest Apt. 385,New Brianport,Massachusetts,26002,21.926969,-2.4046155
William Patrick,74,95332 Barnett Falls,North Jamesfurt,New Mexico,46682,77.952673,5.7888165
Robert Carr,22,125 Johnson Causeway Apt. 356,Estradamouth,Iowa,15716,149.584730,0.3582565
Tanya Cole,58,3439 Sarah Vista,Douglasview,Massachusetts,90243,-148.806231,54.5686595
Brittany Cervantes,53,512 Wright Lodge,Newmanland,Pennsylvania,68907,-99.358403,-48.3606555
Tammy Bailey,39,445 Glass Dam,South Scottchester,Kentucky,74527,-177.496844,-87.332546
Donna Davis,62,4751 Alvin Station,Lake Sean,Indiana,97937,151.552244,81.0306895
John White,21,10598 Jeffrey Branch,North Samuelshire,Florida,85852,-116.448123,33.357076
Victor Rhodes,45,848 Candice Viaduct,Katiechester,Alaska,31068,59.629841,-78.8392735
Maurice Olsen,69,88163 Roger Trail Apt. 598,Lake Tiffany,Florida,48100,160.534176,88.9546355
Daniel Parker,67,1783 James Gateway,Kingside,Washington,89659,-4.570310,56.0509035
Randy Goodwin,61,26058 Smith Crossing Suite 422,Fullerburgh,South Dakota,17963,86.752550,77.6853865
Brenda Ward,66,10228 Sharon Junction Suite 497,Lake Cynthia,Colorado,17101,160.251434,29.167476
Katherine Rodriguez,20,001 Lisa Plaza Apt. 826,South Rachel,Georgia,35442,-121.475206,8.450138
Richard Conley,51,5007 Michael Squares Apt. 582,Phillipsville,North Dakota,53551,33.146160,-18.6628695
Kari Ramirez,39,710 Clark Estate Apt. 865,North Matthewborough,Montana,40371,-149.514122,15.5948885
Tina Chen,80,3129 Randolph Crossroad Suite 867,Larrystad,Nebraska,84846,-62.996804,68.488296
Patrick Griffin,39,49850 Daniel Road,Carterfort,Maryland,81802,119.333734,38.2622685
Jeremy Maldonado,39,585 Stacey Court,Williamsmouth,Alabama,86788,17.298281,-43.1148325
Marissa Lucas,20,23949 Conway Glens,Bakershire,Maine,91473,-158.319004,-47.1404705
Amy Martinez,65,183 Sarah Junction Suite 346,Anitaberg,Pennsylvania,48355,-19.020505,88.174877
Joy Reed,74,31755 Kimberly Port Suite 829,Port Johnhaven,New York,10055,-30.106234,60.178646
Steve Hernandez,73,97217 Chavez Crossing Apt. 372,West Jasontown,Texas,54748,135.763579,78.2723315
Stephen Park,44,732 Courtney Streets Suite 329,Randybury,Massachusetts,49741,-37.588254,73.845852
Thomas Graham,42,4548 Matthews Hills,West Stevenmouth,Pennsylvania,37927,93.385715,-29.1130535
Cameron Murphy PhD,21,788 Davis Extensions,Port Garyton,Missouri,70271,55.691127,-88.156386
William Smith,21,924 Strickland Stream,Walkerfurt,Louisiana,12809,-159.362555,48.6422615
Nicholas Turner,58,1841 Potter Vista,Johnsonport,New York,73891,103.512205,23.254517
Eric Knapp,19,3906 Perry Hill Apt. 693,Beverlyside,South Dakota,54277,-127.852821,-70.381592
John Weiss,43,234 Erin Road,West Katherineport,Ohio,07905,106.592054,0.6298865
Travis Riley,74,70032 David Crossroad Suite 057,Lake Donald,Pennsylvania,21688,126.178855,74.2117925
Timothy Ortega,30,228 James Island Suite 424,East Annafort,Wyoming,62458,-154.552017,-25.5252745
James Kirk,37,93554 Jorge Mews,Port Kathy,Nebraska,89294,-10.465716,-83.2439525
Krista Abbott,79,708 Tina Plains,Carlsonhaven,North Dakota,27518,39.479015,-59.0724755
Kyle Roberts,37,60850 Tracy Via Apt. 332,Jasminefurt,Wyoming,57771,78.869375,-25.933375
Billy Myers,77,806 Jones Lock,Ramirezton,Maine,13744,-44.774535,46.671137
Scott Graham,66,8010 Johnson Inlet,Nicholasfort,Colorado,01350,91.523590,1.8691315
Kristin Reyes,57,099 Bailey Branch Suite 618,Jenniferport,California,00868,41.848694,60.029588
William Pugh,49,671 Harris Square,Singhmouth,Michigan,50839,-25.905278,-75.757612
Debbie Evans,56,22433 Courtney Squares Suite 199,Butlerville,North Dakota,94857,-169.054143,-12.508751
Karen Hammond,60,334 David Gardens,South Phillipstad,New Hampshire,88688,-34.775476,-52.6993745
Alexander Martinez,40,67470 Dana Club Suite 426,New Marissaborough,Arizona,21177,-16.421880,-29.6726695
Adam Davidson,45,72266 Lowe Point,Torreshaven,Alaska,46347,-33.944066,61.0208385
Julie Hopkins,77,94861 Sandoval Shoal,North Daniel,Arkansas,73560,17.298293,-45.1221835
Jonathan Davis,61,154 Johnson Village,Adamshire,North Carolina,31632,100.740442,-18.9447535
John Martin,61,94714 Wilson Radial,Hammondstad,West Virginia,60057,107.715852,67.602738
Charles Nichols,68,883 Hoffman Drive Suite 325,Ayersmouth,Connecticut,10312,114.855222,-45.6887765
Eric Alexander,72,379 Christopher Expressway,Wongburgh,Kentucky,56813,91.825056,-33.8040055
Arthur Patel,26,016 Hart Expressway,Galvanland,Florida,60829,-82.426517,63.012729
Lauren Fisher,69,3348 Melissa Haven,Alexisbury,Florida,31917,18.414749,-12.513783
Catherine Kidd,51,802 Martinez Heights Suite 890,Lake Bruceville,West Virginia,28536,104.402002,32.8068825
Carol Griffin,63,8255 Mary Burgs Suite 277,Austinville,North Carolina,60363,99.937394,24.8347655
George Riddle,28,4197 Bowman Trafficway,Martinmouth,South Dakota,11930,-133.983879,3.344835
Joseph Rogers,40,22802 Curtis Road Apt. 238,Tarahaven,Florida,12411,157.538984,-79.617056
Michael Russell DDS,33,450 Gina Square Suite 196,Port James,North Carolina,76761,36.512640,39.5139585
Kelly Williams,72,0886 Stephen Village Apt. 131,Port Renee,New York,33287,76.630010,59.9830545
Joel Kent,59,56929 Perry Gateway Suite 188,West Michael,Ohio,89079,147.249174,65.8051315
Victor Carpenter,46,23055 Matthew Manors,South Stephenland,New York,69528,-121.197778,-78.015472
Tonya Boyle,53,4741 Diaz Village Suite 981,Danielshire,North Carolina,84296,28.296395,-43.623876
Sierra Spencer,59,063 Samantha Cape Suite 949,Jeffhaven,California,63174,-173.989683,71.927547
Jennifer Perez,57,61596 Kelly Spring Suite 128,New James,Mississippi,18930,-166.315393,27.3749805
Kevin Shaw,55,33846 Amy Passage Apt. 942,Washingtonstad,New Hampshire,57594,70.926620,-59.006817
Alec Esparza,56,342 Timothy Gardens,West Davidmouth,Ohio,13333,90.083208,-6.641157
Anne Waters,37,09549 Hess Avenue,Lake Sally,Alabama,35532,144.432315,60.9180195
Hannah Carter,54,618 Cynthia Cove Apt. 420,South Susan,Idaho,20846,12.101739,51.0098345
Michael Berry,18,4376 Nicole Grove Apt. 251,Evelynville,Colorado,90851,-131.020967,63.559574
Chelsea Jones,74,370 Lorraine Burgs Suite 231,South Edward,Wyoming,18710,-37.504355,1.1433685
Gabrielle Rios,20,6588 Bonilla Plaza Apt. 590,New Brandonhaven,Hawaii,93870,-107.762119,-71.8078435
Mr. Shawn Nixon,54,597 Shelton Trail,Jenniferville,Rhode Island,48457,167.004782,-6.0177995
Stephanie Brown,51,2928 Smith Common Apt. 605,Lake Phillipport,Illinois,47553,17.322844,9.2182255
Laurie Pacheco,52,7264 Reyes Mall Suite 714,North Debbie,Arizona,52294,43.219021,76.746244
Marcus Rivera,35,174 Steven Village Apt. 485,Ryanview,Maine,20521,92.693923,-9.241998
Joseph Farley,31,968 Ramirez Road,Amyhaven,Rhode Island,18910,106.080720,-85.285412
Pamela Roberts,75,321 Hendrix Crossing,North Mariahaven,Tennessee,00750,95.963712,-8.7729585
Bianca Jones,26,74122 Chan Mills Apt. 619,Tanyamouth,New Jersey,22631,-17.706210,82.717192
William Martinez,34,26279 Paul Trace,Stewartton,Alabama,04599,4.965533,-71.3690225
Laurie Stephenson,59,5198 Gabriel Haven,Port Jason,Oregon,64202,-70.521751,-24.7247025
Terry Miller,40,032 Sheila Harbor,Erinfurt,Virginia,01530,10.324882,-62.6133495
Jennifer Johnson,39,45359 Nicholas Mews,Hawkinsbury,Pennsylvania,33388,-110.418112,-87.190697
Theresa Ramirez,69,90493 Isabella Locks Apt. 524,Schmittbury,Hawaii,25126,174.316634,72.246149
Bobby Green,63,271 Kelly Unions,Walterview,New Hampshire,50891,21.563395,-89.8541415
Robert Martinez,56,760 Jason Street Apt. 581,Ashleyshire,Maryland,96027,71.518194,-42.4285485
David Brown,55,6718 Young Haven Suite 749,Greenton,Rhode Island,26869,54.241322,28.671919
James Stein,42,837 Stanley Forge,Lisaside,Arizona,37754,38.921240,18.9226115
Carolyn Herrera,53,0482 Edwards Hills Apt. 669,Port Michelleville,Pennsylvania,70853,52.210806,30.601422
Haley Walters,76,349 Henry Tunnel Suite 680,Markport,Arizona,20604,123.856159,56.289643
Michelle Stevens,66,01286 Jones Fall,Johnbury,Washington,50450,-25.829657,-86.798149
Amy Conner,41,5385 Hickman Road,New Taylor,Utah,96356,176.775352,-82.044991
Mr. Matthew Murray,54,26027 Lopez Freeway,Wilsonmouth,Georgia,81173,-62.413674,-68.0819705
Eugene Sweeney,55,9050 Anthony Curve,Brandonville,Utah,54415,158.794381,-3.1933385
Juan Cruz,24,187 Denise Shoal,Jonathanfurt,Pennsylvania,29722,-11.944760,-13.810169
John Lee,41,955 Gary Forks Apt. 832,Jodibury,New York,86589,-94.784256,51.995624
Amber Howard,34,0066 Lucero Passage,Haynesburgh,New York,99801,-139.256087,22.8639915
Jesus Marquez,35,7660 Cole Island Apt. 620,Ianland,Oklahoma,46180,70.860494,0.9154165
Denise Curtis,32,00373 Stephanie Green Suite 259,Lisaborough,New Jersey,54399,85.599723,-28.443165
Diana Espinoza,28,33397 Manning Lane,Port Zacharyton,Massachusetts,99893,-121.970827,56.464035
Mark Davis,39,43579 Barbara Port,Aaronmouth,Alaska,35311,-25.102729,-79.3555775
